"","dependent.var","independent.var","dependent.var.value","independent.var.value","numbers","se","min","max"
"1","What materials do you use for menstrual hygiene management?","In what LGA is this survey taking place?","Disposable pads","Demsa",0.666666666666667,NA,0.0133453384866489,1
"2","What materials do you use for menstrual hygiene management?","In what LGA is this survey taking place?","Disposable pads","Ganye",1,NA,1,1
"3","What materials do you use for menstrual hygiene management?","In what LGA is this survey taking place?","Disposable pads","Gombi",0.166666666666667,NA,0,0.510997240169201
"4","What materials do you use for menstrual hygiene management?","In what LGA is this survey taking place?","Disposable pads","Girei",0.571428571428571,NA,0.242801075643788,0.900056067213355
"5","What materials do you use for menstrual hygiene management?","In what LGA is this survey taking place?","Disposable pads","Guyuk",0.5,NA,0,1
"6","What materials do you use for menstrual hygiene management?","In what LGA is this survey taking place?","Disposable pads","Hong",0.5,NA,0.122804755307943,0.877195244692057
"7","What materials do you use for menstrual hygiene management?","In what LGA is this survey taking place?","Disposable pads","Jada",1,NA,1,1
"8","What materials do you use for menstrual hygiene management?","In what LGA is this survey taking place?","Disposable pads","Lamurde",0.333333333333333,NA,0,0.986654661513351
"9","What materials do you use for menstrual hygiene management?","In what LGA is this survey taking place?","Disposable pads","Madagali",1,NA,1,1
"10","What materials do you use for menstrual hygiene management?","In what LGA is this survey taking place?","Disposable pads","Maiha",0.25,NA,0,0.739990996135013
"11","What materials do you use for menstrual hygiene management?","In what LGA is this survey taking place?","Disposable pads","Mayo-Belwa",0.333333333333333,NA,0,0.986654661513351
"12","What materials do you use for menstrual hygiene management?","In what LGA is this survey taking place?","Disposable pads","Michika",1,NA,1,1
"13","What materials do you use for menstrual hygiene management?","In what LGA is this survey taking place?","Disposable pads","Mubi North",0.25,NA,0,0.739990996135013
"14","What materials do you use for menstrual hygiene management?","In what LGA is this survey taking place?","Disposable pads","Mubi South",0.5,NA,0.5,0.5
"15","What materials do you use for menstrual hygiene management?","In what LGA is this survey taking place?","Disposable pads","Numan",0.5,NA,0,1
"16","What materials do you use for menstrual hygiene management?","In what LGA is this survey taking place?","Disposable pads","Shelleng",1,NA,1,1
"17","What materials do you use for menstrual hygiene management?","In what LGA is this survey taking place?","Disposable pads","Song",0,NA,0,0
"18","What materials do you use for menstrual hygiene management?","In what LGA is this survey taking place?","Disposable pads","Toungo",0.5,NA,0.0756553497214357,0.924344650278564
"19","What materials do you use for menstrual hygiene management?","In what LGA is this survey taking place?","Disposable pads","Yola North",0,NA,0,0
"20","What materials do you use for menstrual hygiene management?","In what LGA is this survey taking place?","Disposable pads","Yola South",0.333333333333333,NA,0,0.986654661513351
"21","What materials do you use for menstrual hygiene management?","In what LGA is this survey taking place?","Disposable pads","Askira/Uba",0,NA,0,0
"22","What materials do you use for menstrual hygiene management?","In what LGA is this survey taking place?","Disposable pads","Bama",0.5,NA,0,1
"23","What materials do you use for menstrual hygiene management?","In what LGA is this survey taking place?","Disposable pads","Bayo",0,NA,0,0
"24","What materials do you use for menstrual hygiene management?","In what LGA is this survey taking place?","Disposable pads","Biu",0.5,NA,0,1
"25","What materials do you use for menstrual hygiene management?","In what LGA is this survey taking place?","Disposable pads","Chibok",0,NA,0,0
"26","What materials do you use for menstrual hygiene management?","In what LGA is this survey taking place?","Disposable pads","Damboa",0.666666666666667,NA,0.0133453384866488,1
"27","What materials do you use for menstrual hygiene management?","In what LGA is this survey taking place?","Disposable pads","Dikwa",0.5,NA,0.175901419891486,0.824098580108514
"28","What materials do you use for menstrual hygiene management?","In what LGA is this survey taking place?","Disposable pads","Gubio",0.428571428571429,NA,0.0325989073286636,0.824543949814194
"29","What materials do you use for menstrual hygiene management?","In what LGA is this survey taking place?","Disposable pads","Guzamala",0.333333333333333,NA,0,0.986654661513351
"30","What materials do you use for menstrual hygiene management?","In what LGA is this survey taking place?","Disposable pads","Gwoza",0,NA,0,0
"31","What materials do you use for menstrual hygiene management?","In what LGA is this survey taking place?","Disposable pads","Hawul",0.666666666666667,NA,0.0133453384866489,1
"32","What materials do you use for menstrual hygiene management?","In what LGA is this survey taking place?","Disposable pads","Jere",0.5,NA,0,1
"33","What materials do you use for menstrual hygiene management?","In what LGA is this survey taking place?","Disposable pads","Kaga",0.333333333333333,NA,0,0.986654661513351
"34","What materials do you use for menstrual hygiene management?","In what LGA is this survey taking place?","Disposable pads","Kala/Balge",0.5,NA,0.5,0.5
"35","What materials do you use for menstrual hygiene management?","In what LGA is this survey taking place?","Disposable pads","Konduga",1,NA,1,1
"36","What materials do you use for menstrual hygiene management?","In what LGA is this survey taking place?","Disposable pads","Kukawa",0.5,NA,0.0100090038649866,0.989990996135013
"37","What materials do you use for menstrual hygiene management?","In what LGA is this survey taking place?","Disposable pads","Kwaya Kusar",0.571428571428571,NA,0.232023553220487,0.910833589636656
"38","What materials do you use for menstrual hygiene management?","In what LGA is this survey taking place?","Disposable pads","Mafa",0,NA,0,0
"39","What materials do you use for menstrual hygiene management?","In what LGA is this survey taking place?","Disposable pads","Magumeri",1,NA,1,1
"40","What materials do you use for menstrual hygiene management?","In what LGA is this survey taking place?","Disposable pads","Maiduguri",0.666666666666667,NA,0.0133453384866489,1
"41","What materials do you use for menstrual hygiene management?","In what LGA is this survey taking place?","Disposable pads","Mobbar",0.25,NA,0,0.739990996135013
"42","What materials do you use for menstrual hygiene management?","In what LGA is this survey taking place?","Disposable pads","Monguno",0.5,NA,0,1
"43","What materials do you use for menstrual hygiene management?","In what LGA is this survey taking place?","Disposable pads","Ngala",0.6,NA,0.119908832364469,1
"44","What materials do you use for menstrual hygiene management?","In what LGA is this survey taking place?","Disposable pads","Nganzai",0.5,NA,0,1
"45","What materials do you use for menstrual hygiene management?","In what LGA is this survey taking place?","Disposable pads","Shani",0.666666666666667,NA,0.0133453384866489,1
"46","What materials do you use for menstrual hygiene management?","In what LGA is this survey taking place?","Disposable pads","Bade",0.333333333333333,NA,0,0.986654661513351
"47","What materials do you use for menstrual hygiene management?","In what LGA is this survey taking place?","Disposable pads","Bursari",0.2,NA,0,0.591992796908011
"48","What materials do you use for menstrual hygiene management?","In what LGA is this survey taking place?","Disposable pads","Damaturu",0.75,NA,0.188644792591122,1
"49","What materials do you use for menstrual hygiene management?","In what LGA is this survey taking place?","Disposable pads","Fika",1,NA,1,1
"50","What materials do you use for menstrual hygiene management?","In what LGA is this survey taking place?","Disposable pads","Fune",0.333333333333333,NA,0,0.768880885453345
"51","What materials do you use for menstrual hygiene management?","In what LGA is this survey taking place?","Disposable pads","Gujba",0.5,NA,0.5,0.5
"52","What materials do you use for menstrual hygiene management?","In what LGA is this survey taking place?","Disposable pads","Gulani",0.5,NA,0,1
"53","What materials do you use for menstrual hygiene management?","In what LGA is this survey taking place?","Disposable pads","Jakusko",0.25,NA,0,0.739990996135013
"54","What materials do you use for menstrual hygiene management?","In what LGA is this survey taking place?","Disposable pads","Karasuwa",0.333333333333333,NA,0,0.986654661513351
"55","What materials do you use for menstrual hygiene management?","In what LGA is this survey taking place?","Disposable pads","Machina",0.333333333333333,NA,0,0.986654661513351
"56","What materials do you use for menstrual hygiene management?","In what LGA is this survey taking place?","Disposable pads","Nangere",0.5,NA,0,1
"57","What materials do you use for menstrual hygiene management?","In what LGA is this survey taking place?","Disposable pads","Nguru",0,NA,0,0
"58","What materials do you use for menstrual hygiene management?","In what LGA is this survey taking place?","Disposable pads","Potiskum",0.5,NA,0.0756553497214357,0.924344650278564
"59","What materials do you use for menstrual hygiene management?","In what LGA is this survey taking place?","Disposable pads","Tarmua",0.2,NA,0,0.513594237526409
"60","What materials do you use for menstrual hygiene management?","In what LGA is this survey taking place?","Disposable pads","Yunusari",0.5,NA,0,1
"61","What materials do you use for menstrual hygiene management?","In what LGA is this survey taking place?","Disposable pads","Yusufari",0,NA,0,0
"62","What materials do you use for menstrual hygiene management?","In what LGA is this survey taking place?","Reusable pads","Demsa",0.333333333333333,NA,0,0.986654661513351
"63","What materials do you use for menstrual hygiene management?","In what LGA is this survey taking place?","Reusable pads","Ganye",1,NA,1,1
"64","What materials do you use for menstrual hygiene management?","In what LGA is this survey taking place?","Reusable pads","Gombi",0.666666666666667,NA,0.211160133524691,1
"65","What materials do you use for menstrual hygiene management?","In what LGA is this survey taking place?","Reusable pads","Girei",0.428571428571429,NA,0.0999439327866447,0.757198924356212
"66","What materials do you use for menstrual hygiene management?","In what LGA is this survey taking place?","Reusable pads","Guyuk",0,NA,0,0
"67","What materials do you use for menstrual hygiene management?","In what LGA is this survey taking place?","Reusable pads","Hong",0.5,NA,0.122804755307943,0.877195244692057
"68","What materials do you use for menstrual hygiene management?","In what LGA is this survey taking place?","Reusable pads","Jada",1,NA,1,1
"69","What materials do you use for menstrual hygiene management?","In what LGA is this survey taking place?","Reusable pads","Lamurde",0.333333333333333,NA,0,0.986654661513351
"70","What materials do you use for menstrual hygiene management?","In what LGA is this survey taking place?","Reusable pads","Madagali",0.5,NA,0,1
"71","What materials do you use for menstrual hygiene management?","In what LGA is this survey taking place?","Reusable pads","Maiha",0.75,NA,0.260009003864987,1
"72","What materials do you use for menstrual hygiene management?","In what LGA is this survey taking place?","Reusable pads","Mayo-Belwa",0.333333333333333,NA,0,0.986654661513351
"73","What materials do you use for menstrual hygiene management?","In what LGA is this survey taking place?","Reusable pads","Michika",0.5,NA,0,1
"74","What materials do you use for menstrual hygiene management?","In what LGA is this survey taking place?","Reusable pads","Mubi North",0.25,NA,0,0.739990996135013
"75","What materials do you use for menstrual hygiene management?","In what LGA is this survey taking place?","Reusable pads","Mubi South",0.5,NA,0.5,0.5
"76","What materials do you use for menstrual hygiene management?","In what LGA is this survey taking place?","Reusable pads","Numan",0.5,NA,0,1
"77","What materials do you use for menstrual hygiene management?","In what LGA is this survey taking place?","Reusable pads","Shelleng",0.666666666666667,NA,0.0133453384866489,1
"78","What materials do you use for menstrual hygiene management?","In what LGA is this survey taking place?","Reusable pads","Song",0.333333333333333,NA,0,0.768880885453345
"79","What materials do you use for menstrual hygiene management?","In what LGA is this survey taking place?","Reusable pads","Toungo",0.5,NA,0.0756553497214357,0.924344650278564
"80","What materials do you use for menstrual hygiene management?","In what LGA is this survey taking place?","Reusable pads","Yola North",0.333333333333333,NA,0,0.986654661513351
"81","What materials do you use for menstrual hygiene management?","In what LGA is this survey taking place?","Reusable pads","Yola South",1,NA,1,1
"82","What materials do you use for menstrual hygiene management?","In what LGA is this survey taking place?","Reusable pads","Askira/Uba",1,NA,1,1
"83","What materials do you use for menstrual hygiene management?","In what LGA is this survey taking place?","Reusable pads","Bama",0,NA,0,0
"84","What materials do you use for menstrual hygiene management?","In what LGA is this survey taking place?","Reusable pads","Bayo",0.666666666666667,NA,0.0133453384866489,1
"85","What materials do you use for menstrual hygiene management?","In what LGA is this survey taking place?","Reusable pads","Biu",0.5,NA,0,1
"86","What materials do you use for menstrual hygiene management?","In what LGA is this survey taking place?","Reusable pads","Chibok",1,NA,1,1
"87","What materials do you use for menstrual hygiene management?","In what LGA is this survey taking place?","Reusable pads","Damboa",0.333333333333333,NA,0,0.986654661513351
"88","What materials do you use for menstrual hygiene management?","In what LGA is this survey taking place?","Reusable pads","Dikwa",0.625,NA,0.236419453213674,1
"89","What materials do you use for menstrual hygiene management?","In what LGA is this survey taking place?","Reusable pads","Gubio",0.571428571428571,NA,0.175456050185806,0.967401092671336
"90","What materials do you use for menstrual hygiene management?","In what LGA is this survey taking place?","Reusable pads","Guzamala",0.666666666666667,NA,0.0133453384866489,1
"91","What materials do you use for menstrual hygiene management?","In what LGA is this survey taking place?","Reusable pads","Gwoza",0,NA,0,0
"92","What materials do you use for menstrual hygiene management?","In what LGA is this survey taking place?","Reusable pads","Hawul",0.666666666666667,NA,0.0133453384866489,1
"93","What materials do you use for menstrual hygiene management?","In what LGA is this survey taking place?","Reusable pads","Jere",0.5,NA,0,1
"94","What materials do you use for menstrual hygiene management?","In what LGA is this survey taking place?","Reusable pads","Kaga",0.666666666666667,NA,0.0133453384866489,1
"95","What materials do you use for menstrual hygiene management?","In what LGA is this survey taking place?","Reusable pads","Kala/Balge",1,NA,1,1
"96","What materials do you use for menstrual hygiene management?","In what LGA is this survey taking place?","Reusable pads","Konduga",0,NA,0,0
"97","What materials do you use for menstrual hygiene management?","In what LGA is this survey taking place?","Reusable pads","Kukawa",0.5,NA,0.0100090038649866,0.989990996135013
"98","What materials do you use for menstrual hygiene management?","In what LGA is this survey taking place?","Reusable pads","Kwaya Kusar",0.571428571428571,NA,0.0995050447733819,1
"99","What materials do you use for menstrual hygiene management?","In what LGA is this survey taking place?","Reusable pads","Mafa",0,NA,0,0
"100","What materials do you use for menstrual hygiene management?","In what LGA is this survey taking place?","Reusable pads","Magumeri",0,NA,0,0
"101","What materials do you use for menstrual hygiene management?","In what LGA is this survey taking place?","Reusable pads","Maiduguri",1,NA,1,1
"102","What materials do you use for menstrual hygiene management?","In what LGA is this survey taking place?","Reusable pads","Mobbar",0.5,NA,0,1
"103","What materials do you use for menstrual hygiene management?","In what LGA is this survey taking place?","Reusable pads","Monguno",0,NA,0,0
"104","What materials do you use for menstrual hygiene management?","In what LGA is this survey taking place?","Reusable pads","Ngala",0.2,NA,0,0.591992796908011
"105","What materials do you use for menstrual hygiene management?","In what LGA is this survey taking place?","Reusable pads","Nganzai",0.5,NA,0,1
"106","What materials do you use for menstrual hygiene management?","In what LGA is this survey taking place?","Reusable pads","Shani",0.333333333333333,NA,0,0.986654661513351
"107","What materials do you use for menstrual hygiene management?","In what LGA is this survey taking place?","Reusable pads","Bade",0.666666666666667,NA,0.0133453384866489,1
"108","What materials do you use for menstrual hygiene management?","In what LGA is this survey taking place?","Reusable pads","Bursari",0.6,NA,0.119908832364469,1
"109","What materials do you use for menstrual hygiene management?","In what LGA is this survey taking place?","Reusable pads","Damaturu",0.25,NA,0,0.61749324710126
"110","What materials do you use for menstrual hygiene management?","In what LGA is this survey taking place?","Reusable pads","Fika",0.333333333333333,NA,0,0.768880885453345
"111","What materials do you use for menstrual hygiene management?","In what LGA is this survey taking place?","Reusable pads","Fune",0.5,NA,0.122804755307943,0.877195244692057
"112","What materials do you use for menstrual hygiene management?","In what LGA is this survey taking place?","Reusable pads","Gujba",0,NA,0,0
"113","What materials do you use for menstrual hygiene management?","In what LGA is this survey taking place?","Reusable pads","Gulani",0.5,NA,0,1
"114","What materials do you use for menstrual hygiene management?","In what LGA is this survey taking place?","Reusable pads","Jakusko",0.25,NA,0,0.739990996135013
"115","What materials do you use for menstrual hygiene management?","In what LGA is this survey taking place?","Reusable pads","Karasuwa",0.333333333333333,NA,0,0.986654661513351
"116","What materials do you use for menstrual hygiene management?","In what LGA is this survey taking place?","Reusable pads","Machina",1,NA,1,1
"117","What materials do you use for menstrual hygiene management?","In what LGA is this survey taking place?","Reusable pads","Nangere",0.5,NA,0,1
"118","What materials do you use for menstrual hygiene management?","In what LGA is this survey taking place?","Reusable pads","Nguru",0,NA,0,0
"119","What materials do you use for menstrual hygiene management?","In what LGA is this survey taking place?","Reusable pads","Potiskum",0.75,NA,0.188644792591122,1
"120","What materials do you use for menstrual hygiene management?","In what LGA is this survey taking place?","Reusable pads","Tarmua",0.6,NA,0.0419549644240736,1
"121","What materials do you use for menstrual hygiene management?","In what LGA is this survey taking place?","Reusable pads","Yunusari",0.5,NA,0,1
"122","What materials do you use for menstrual hygiene management?","In what LGA is this survey taking place?","Reusable pads","Yusufari",1,NA,1,1
"123","What materials do you use for menstrual hygiene management?","In what LGA is this survey taking place?","cloth","Demsa",0,NA,0,0
"124","What materials do you use for menstrual hygiene management?","In what LGA is this survey taking place?","cloth","Ganye",0,NA,0,0
"125","What materials do you use for menstrual hygiene management?","In what LGA is this survey taking place?","cloth","Gombi",0.333333333333333,NA,0,0.677663906835867
"126","What materials do you use for menstrual hygiene management?","In what LGA is this survey taking place?","cloth","Girei",0.857142857142857,NA,0.547309882804491,1
"127","What materials do you use for menstrual hygiene management?","In what LGA is this survey taking place?","cloth","Guyuk",0,NA,0,0
"128","What materials do you use for menstrual hygiene management?","In what LGA is this survey taking place?","cloth","Hong",0.666666666666667,NA,0.358688039033405,0.974645294299928
"129","What materials do you use for menstrual hygiene management?","In what LGA is this survey taking place?","cloth","Jada",0,NA,0,0
"130","What materials do you use for menstrual hygiene management?","In what LGA is this survey taking place?","cloth","Lamurde",0.666666666666667,NA,0.0133453384866489,1
"131","What materials do you use for menstrual hygiene management?","In what LGA is this survey taking place?","cloth","Madagali",0.5,NA,0,1
"132","What materials do you use for menstrual hygiene management?","In what LGA is this survey taking place?","cloth","Maiha",0.25,NA,0,0.739990996135013
"133","What materials do you use for menstrual hygiene management?","In what LGA is this survey taking place?","cloth","Mayo-Belwa",0.666666666666667,NA,0.0133453384866489,1
"134","What materials do you use for menstrual hygiene management?","In what LGA is this survey taking place?","cloth","Michika",0.5,NA,0,1
"135","What materials do you use for menstrual hygiene management?","In what LGA is this survey taking place?","cloth","Mubi North",0.75,NA,0.260009003864987,1
"136","What materials do you use for menstrual hygiene management?","In what LGA is this survey taking place?","cloth","Mubi South",0,NA,0,0
"137","What materials do you use for menstrual hygiene management?","In what LGA is this survey taking place?","cloth","Numan",0.5,NA,0,1
"138","What materials do you use for menstrual hygiene management?","In what LGA is this survey taking place?","cloth","Shelleng",1,NA,1,1
"139","What materials do you use for menstrual hygiene management?","In what LGA is this survey taking place?","cloth","Song",0.666666666666667,NA,0.231119114546655,1
"140","What materials do you use for menstrual hygiene management?","In what LGA is this survey taking place?","cloth","Toungo",0.5,NA,0.0756553497214357,0.924344650278564
"141","What materials do you use for menstrual hygiene management?","In what LGA is this survey taking place?","cloth","Yola North",0,NA,0,0
"142","What materials do you use for menstrual hygiene management?","In what LGA is this survey taking place?","cloth","Yola South",0,NA,0,0
"143","What materials do you use for menstrual hygiene management?","In what LGA is this survey taking place?","cloth","Askira/Uba",0.5,NA,0,1
"144","What materials do you use for menstrual hygiene management?","In what LGA is this survey taking place?","cloth","Bama",0.5,NA,0,1
"145","What materials do you use for menstrual hygiene management?","In what LGA is this survey taking place?","cloth","Bayo",0.333333333333333,NA,0,0.986654661513351
"146","What materials do you use for menstrual hygiene management?","In what LGA is this survey taking place?","cloth","Biu",0.5,NA,0,1
"147","What materials do you use for menstrual hygiene management?","In what LGA is this survey taking place?","cloth","Chibok",0.5,NA,0,1
"148","What materials do you use for menstrual hygiene management?","In what LGA is this survey taking place?","cloth","Damboa",0.666666666666667,NA,0.0133453384866488,1
"149","What materials do you use for menstrual hygiene management?","In what LGA is this survey taking place?","cloth","Dikwa",0.5,NA,0.0815905322367514,0.918409467763249
"150","What materials do you use for menstrual hygiene management?","In what LGA is this survey taking place?","cloth","Gubio",0.714285714285714,NA,0.352813910890954,1
"151","What materials do you use for menstrual hygiene management?","In what LGA is this survey taking place?","cloth","Guzamala",0.333333333333333,NA,0,0.986654661513351
"152","What materials do you use for menstrual hygiene management?","In what LGA is this survey taking place?","cloth","Gwoza",0,NA,0,0
"153","What materials do you use for menstrual hygiene management?","In what LGA is this survey taking place?","cloth","Hawul",1,NA,1,1
"154","What materials do you use for menstrual hygiene management?","In what LGA is this survey taking place?","cloth","Jere",1,NA,1,1
"155","What materials do you use for menstrual hygiene management?","In what LGA is this survey taking place?","cloth","Kaga",0.333333333333333,NA,0,0.986654661513351
"156","What materials do you use for menstrual hygiene management?","In what LGA is this survey taking place?","cloth","Kala/Balge",1,NA,1,1
"157","What materials do you use for menstrual hygiene management?","In what LGA is this survey taking place?","cloth","Konduga",0,NA,0,0
"158","What materials do you use for menstrual hygiene management?","In what LGA is this survey taking place?","cloth","Kukawa",0,NA,0,0
"159","What materials do you use for menstrual hygiene management?","In what LGA is this survey taking place?","cloth","Kwaya Kusar",0.285714285714286,NA,0,0.595547260052651
"160","What materials do you use for menstrual hygiene management?","In what LGA is this survey taking place?","cloth","Mafa",0,NA,0,0
"161","What materials do you use for menstrual hygiene management?","In what LGA is this survey taking place?","cloth","Magumeri",0,NA,0,0
"162","What materials do you use for menstrual hygiene management?","In what LGA is this survey taking place?","cloth","Maiduguri",0.666666666666667,NA,0.0133453384866489,1
"163","What materials do you use for menstrual hygiene management?","In what LGA is this survey taking place?","cloth","Mobbar",0.25,NA,0,0.739990996135013
"164","What materials do you use for menstrual hygiene management?","In what LGA is this survey taking place?","cloth","Monguno",0.5,NA,0,1
"165","What materials do you use for menstrual hygiene management?","In what LGA is this survey taking place?","cloth","Ngala",0.4,NA,0,0.880091167635531
"166","What materials do you use for menstrual hygiene management?","In what LGA is this survey taking place?","cloth","Nganzai",0.75,NA,0.260009003864987,1
"167","What materials do you use for menstrual hygiene management?","In what LGA is this survey taking place?","cloth","Shani",0.333333333333333,NA,0,0.986654661513351
"168","What materials do you use for menstrual hygiene management?","In what LGA is this survey taking place?","cloth","Bade",0.666666666666667,NA,0.0133453384866489,1
"169","What materials do you use for menstrual hygiene management?","In what LGA is this survey taking place?","cloth","Bursari",0.2,NA,0,0.591992796908011
"170","What materials do you use for menstrual hygiene management?","In what LGA is this survey taking place?","cloth","Damaturu",0.5,NA,0.0756553497214357,0.924344650278564
"171","What materials do you use for menstrual hygiene management?","In what LGA is this survey taking place?","cloth","Fika",0.666666666666667,NA,0.231119114546655,1
"172","What materials do you use for menstrual hygiene management?","In what LGA is this survey taking place?","cloth","Fune",0.666666666666667,NA,0.358688039033405,0.974645294299928
"173","What materials do you use for menstrual hygiene management?","In what LGA is this survey taking place?","cloth","Gujba",1,NA,1,1
"174","What materials do you use for menstrual hygiene management?","In what LGA is this survey taking place?","cloth","Gulani",0.75,NA,0.260009003864987,1
"175","What materials do you use for menstrual hygiene management?","In what LGA is this survey taking place?","cloth","Jakusko",0,NA,0,0
"176","What materials do you use for menstrual hygiene management?","In what LGA is this survey taking place?","cloth","Karasuwa",0,NA,0,0
"177","What materials do you use for menstrual hygiene management?","In what LGA is this survey taking place?","cloth","Machina",0.333333333333333,NA,0,0.986654661513351
"178","What materials do you use for menstrual hygiene management?","In what LGA is this survey taking place?","cloth","Nangere",0.75,NA,0.260009003864987,1
"179","What materials do you use for menstrual hygiene management?","In what LGA is this survey taking place?","cloth","Nguru",1,NA,1,1
"180","What materials do you use for menstrual hygiene management?","In what LGA is this survey taking place?","cloth","Potiskum",0.25,NA,0,0.811355207408878
"181","What materials do you use for menstrual hygiene management?","In what LGA is this survey taking place?","cloth","Tarmua",0.8,NA,0.486405762473591,1
"182","What materials do you use for menstrual hygiene management?","In what LGA is this survey taking place?","cloth","Yunusari",0,NA,0,0
"183","What materials do you use for menstrual hygiene management?","In what LGA is this survey taking place?","cloth","Yusufari",0.333333333333333,NA,0,1
"184","What materials do you use for menstrual hygiene management?","In what LGA is this survey taking place?","Nothing","Demsa",0.666666666666667,NA,0.0133453384866489,1
"185","What materials do you use for menstrual hygiene management?","In what LGA is this survey taking place?","Nothing","Ganye",1,NA,1,1
"186","What materials do you use for menstrual hygiene management?","In what LGA is this survey taking place?","Nothing","Gombi",0.166666666666667,NA,0,0.438883886741674
"187","What materials do you use for menstrual hygiene management?","In what LGA is this survey taking place?","Nothing","Girei",0.142857142857143,NA,0,0.452690117195509
"188","What materials do you use for menstrual hygiene management?","In what LGA is this survey taking place?","Nothing","Guyuk",0,NA,0,0
"189","What materials do you use for menstrual hygiene management?","In what LGA is this survey taking place?","Nothing","Hong",0.333333333333333,NA,0.0253547057000716,0.641311960966595
"190","What materials do you use for menstrual hygiene management?","In what LGA is this survey taking place?","Nothing","Jada",0,NA,0,0
"191","What materials do you use for menstrual hygiene management?","In what LGA is this survey taking place?","Nothing","Lamurde",0.333333333333333,NA,0,0.986654661513351
"192","What materials do you use for menstrual hygiene management?","In what LGA is this survey taking place?","Nothing","Madagali",0.5,NA,0,1
"193","What materials do you use for menstrual hygiene management?","In what LGA is this survey taking place?","Nothing","Maiha",0.25,NA,0,0.739990996135013
"194","What materials do you use for menstrual hygiene management?","In what LGA is this survey taking place?","Nothing","Mayo-Belwa",0.666666666666667,NA,0.0133453384866489,1
"195","What materials do you use for menstrual hygiene management?","In what LGA is this survey taking place?","Nothing","Michika",1,NA,1,1
"196","What materials do you use for menstrual hygiene management?","In what LGA is this survey taking place?","Nothing","Mubi North",0.5,NA,0,1
"197","What materials do you use for menstrual hygiene management?","In what LGA is this survey taking place?","Nothing","Mubi South",0.5,NA,0.5,0.5
"198","What materials do you use for menstrual hygiene management?","In what LGA is this survey taking place?","Nothing","Numan",1,NA,1,1
"199","What materials do you use for menstrual hygiene management?","In what LGA is this survey taking place?","Nothing","Shelleng",0.333333333333333,NA,0,0.986654661513351
"200","What materials do you use for menstrual hygiene management?","In what LGA is this survey taking place?","Nothing","Song",0.666666666666667,NA,0.231119114546655,1
"201","What materials do you use for menstrual hygiene management?","In what LGA is this survey taking place?","Nothing","Toungo",0.5,NA,0.0756553497214357,0.924344650278564
"202","What materials do you use for menstrual hygiene management?","In what LGA is this survey taking place?","Nothing","Yola North",0.666666666666667,NA,0.0133453384866489,1
"203","What materials do you use for menstrual hygiene management?","In what LGA is this survey taking place?","Nothing","Yola South",0.666666666666667,NA,0.0133453384866489,1
"204","What materials do you use for menstrual hygiene management?","In what LGA is this survey taking place?","Nothing","Askira/Uba",1,NA,1,1
"205","What materials do you use for menstrual hygiene management?","In what LGA is this survey taking place?","Nothing","Bama",1,NA,1,1
"206","What materials do you use for menstrual hygiene management?","In what LGA is this survey taking place?","Nothing","Bayo",0,NA,0,0
"207","What materials do you use for menstrual hygiene management?","In what LGA is this survey taking place?","Nothing","Biu",0.5,NA,0,1
"208","What materials do you use for menstrual hygiene management?","In what LGA is this survey taking place?","Nothing","Chibok",0,NA,0,0
"209","What materials do you use for menstrual hygiene management?","In what LGA is this survey taking place?","Nothing","Damboa",0.666666666666667,NA,0.0133453384866488,1
"210","What materials do you use for menstrual hygiene management?","In what LGA is this survey taking place?","Nothing","Dikwa",0.375,NA,0.0611928991775636,0.688807100822436
"211","What materials do you use for menstrual hygiene management?","In what LGA is this survey taking place?","Nothing","Gubio",0.857142857142857,NA,0.577148002208564,1
"212","What materials do you use for menstrual hygiene management?","In what LGA is this survey taking place?","Nothing","Guzamala",1,NA,1,1
"213","What materials do you use for menstrual hygiene management?","In what LGA is this survey taking place?","Nothing","Gwoza",0.5,NA,0,1
"214","What materials do you use for menstrual hygiene management?","In what LGA is this survey taking place?","Nothing","Hawul",0.666666666666667,NA,0.0133453384866489,1
"215","What materials do you use for menstrual hygiene management?","In what LGA is this survey taking place?","Nothing","Jere",0,NA,0,0
"216","What materials do you use for menstrual hygiene management?","In what LGA is this survey taking place?","Nothing","Kaga",0.333333333333333,NA,0,0.986654661513351
"217","What materials do you use for menstrual hygiene management?","In what LGA is this survey taking place?","Nothing","Kala/Balge",0,NA,0,0
"218","What materials do you use for menstrual hygiene management?","In what LGA is this survey taking place?","Nothing","Konduga",1,NA,1,1
"219","What materials do you use for menstrual hygiene management?","In what LGA is this survey taking place?","Nothing","Kukawa",0.5,NA,0.0100090038649866,0.989990996135013
"220","What materials do you use for menstrual hygiene management?","In what LGA is this survey taking place?","Nothing","Kwaya Kusar",0.714285714285714,NA,0.327304453369531,1
"221","What materials do you use for menstrual hygiene management?","In what LGA is this survey taking place?","Nothing","Mafa",0,NA,0,0
"222","What materials do you use for menstrual hygiene management?","In what LGA is this survey taking place?","Nothing","Magumeri",0,NA,0,0
"223","What materials do you use for menstrual hygiene management?","In what LGA is this survey taking place?","Nothing","Maiduguri",0.666666666666667,NA,0.0133453384866489,1
"224","What materials do you use for menstrual hygiene management?","In what LGA is this survey taking place?","Nothing","Mobbar",0.25,NA,0,0.739990996135013
"225","What materials do you use for menstrual hygiene management?","In what LGA is this survey taking place?","Nothing","Monguno",1,NA,1,1
"226","What materials do you use for menstrual hygiene management?","In what LGA is this survey taking place?","Nothing","Ngala",0.4,NA,0,0.880091167635531
"227","What materials do you use for menstrual hygiene management?","In what LGA is this survey taking place?","Nothing","Nganzai",0.5,NA,0,1
"228","What materials do you use for menstrual hygiene management?","In what LGA is this survey taking place?","Nothing","Shani",0.666666666666667,NA,0.0133453384866489,1
"229","What materials do you use for menstrual hygiene management?","In what LGA is this survey taking place?","Nothing","Bade",0,NA,0,0
"230","What materials do you use for menstrual hygiene management?","In what LGA is this survey taking place?","Nothing","Bursari",0.4,NA,0,0.880091167635531
"231","What materials do you use for menstrual hygiene management?","In what LGA is this survey taking place?","Nothing","Damaturu",0,NA,0,0
"232","What materials do you use for menstrual hygiene management?","In what LGA is this survey taking place?","Nothing","Fika",0.333333333333333,NA,0,0.768880885453345
"233","What materials do you use for menstrual hygiene management?","In what LGA is this survey taking place?","Nothing","Fune",0.5,NA,0.122804755307943,0.877195244692057
"234","What materials do you use for menstrual hygiene management?","In what LGA is this survey taking place?","Nothing","Gujba",0.5,NA,0.5,0.5
"235","What materials do you use for menstrual hygiene management?","In what LGA is this survey taking place?","Nothing","Gulani",0.75,NA,0.260009003864987,1
"236","What materials do you use for menstrual hygiene management?","In what LGA is this survey taking place?","Nothing","Jakusko",0.25,NA,0,0.739990996135013
"237","What materials do you use for menstrual hygiene management?","In what LGA is this survey taking place?","Nothing","Karasuwa",0.666666666666667,NA,0.0133453384866489,1
"238","What materials do you use for menstrual hygiene management?","In what LGA is this survey taking place?","Nothing","Machina",0,NA,0,0
"239","What materials do you use for menstrual hygiene management?","In what LGA is this survey taking place?","Nothing","Nangere",0.5,NA,0,1
"240","What materials do you use for menstrual hygiene management?","In what LGA is this survey taking place?","Nothing","Nguru",1,NA,1,1
"241","What materials do you use for menstrual hygiene management?","In what LGA is this survey taking place?","Nothing","Potiskum",0.75,NA,0.38250675289874,1
"242","What materials do you use for menstrual hygiene management?","In what LGA is this survey taking place?","Nothing","Tarmua",0.2,NA,0,0.513594237526409
"243","What materials do you use for menstrual hygiene management?","In what LGA is this survey taking place?","Nothing","Yunusari",0.5,NA,0,1
"244","What materials do you use for menstrual hygiene management?","In what LGA is this survey taking place?","Nothing","Yusufari",0.666666666666667,NA,0.231119114546655,1
"245","What materials do you use for menstrual hygiene management?","In what LGA is this survey taking place?","Other","Demsa",0.666666666666667,NA,0.0133453384866489,1
"246","What materials do you use for menstrual hygiene management?","In what LGA is this survey taking place?","Other","Ganye",1,NA,1,1
"247","What materials do you use for menstrual hygiene management?","In what LGA is this survey taking place?","Other","Gombi",0.5,NA,0.134782274759758,0.865217725240242
"248","What materials do you use for menstrual hygiene management?","In what LGA is this survey taking place?","Other","Girei",0.428571428571429,NA,0.0999439327866447,0.757198924356212
"249","What materials do you use for menstrual hygiene management?","In what LGA is this survey taking place?","Other","Guyuk",0,NA,0,0
"250","What materials do you use for menstrual hygiene management?","In what LGA is this survey taking place?","Other","Hong",0.333333333333333,NA,0.0253547057000716,0.641311960966595
"251","What materials do you use for menstrual hygiene management?","In what LGA is this survey taking place?","Other","Jada",0,NA,0,0
"252","What materials do you use for menstrual hygiene management?","In what LGA is this survey taking place?","Other","Lamurde",0,NA,0,0
"253","What materials do you use for menstrual hygiene management?","In what LGA is this survey taking place?","Other","Madagali",0.5,NA,0,1
"254","What materials do you use for menstrual hygiene management?","In what LGA is this survey taking place?","Other","Maiha",0.5,NA,0,1
"255","What materials do you use for menstrual hygiene management?","In what LGA is this survey taking place?","Other","Mayo-Belwa",1,NA,1,1
"256","What materials do you use for menstrual hygiene management?","In what LGA is this survey taking place?","Other","Michika",1,NA,1,1
"257","What materials do you use for menstrual hygiene management?","In what LGA is this survey taking place?","Other","Mubi North",0.75,NA,0.260009003864987,1
"258","What materials do you use for menstrual hygiene management?","In what LGA is this survey taking place?","Other","Mubi South",0.5,NA,0.5,0.5
"259","What materials do you use for menstrual hygiene management?","In what LGA is this survey taking place?","Other","Numan",0.5,NA,0,1
"260","What materials do you use for menstrual hygiene management?","In what LGA is this survey taking place?","Other","Shelleng",0.666666666666667,NA,0.0133453384866489,1
"261","What materials do you use for menstrual hygiene management?","In what LGA is this survey taking place?","Other","Song",1,NA,1,1
"262","What materials do you use for menstrual hygiene management?","In what LGA is this survey taking place?","Other","Toungo",0.5,NA,0,1
"263","What materials do you use for menstrual hygiene management?","In what LGA is this survey taking place?","Other","Yola North",1,NA,1,1
"264","What materials do you use for menstrual hygiene management?","In what LGA is this survey taking place?","Other","Yola South",0.333333333333333,NA,0,0.986654661513351
"265","What materials do you use for menstrual hygiene management?","In what LGA is this survey taking place?","Other","Askira/Uba",0,NA,0,0
"266","What materials do you use for menstrual hygiene management?","In what LGA is this survey taking place?","Other","Bama",1,NA,1,1
"267","What materials do you use for menstrual hygiene management?","In what LGA is this survey taking place?","Other","Bayo",1,NA,1,1
"268","What materials do you use for menstrual hygiene management?","In what LGA is this survey taking place?","Other","Biu",0.5,NA,0,1
"269","What materials do you use for menstrual hygiene management?","In what LGA is this survey taking place?","Other","Chibok",0.5,NA,0,1
"270","What materials do you use for menstrual hygiene management?","In what LGA is this survey taking place?","Other","Damboa",0.333333333333333,NA,0,0.986654661513351
"271","What materials do you use for menstrual hygiene management?","In what LGA is this survey taking place?","Other","Dikwa",0.5,NA,0.0815905322367514,0.918409467763249
"272","What materials do you use for menstrual hygiene management?","In what LGA is this survey taking place?","Other","Gubio",0.428571428571429,NA,0.0325989073286636,0.824543949814194
"273","What materials do you use for menstrual hygiene management?","In what LGA is this survey taking place?","Other","Guzamala",0.333333333333333,NA,0,0.986654661513351
"274","What materials do you use for menstrual hygiene management?","In what LGA is this survey taking place?","Other","Gwoza",1,NA,1,1
"275","What materials do you use for menstrual hygiene management?","In what LGA is this survey taking place?","Other","Hawul",0.333333333333333,NA,0,0.986654661513351
"276","What materials do you use for menstrual hygiene management?","In what LGA is this survey taking place?","Other","Jere",0.5,NA,0,1
"277","What materials do you use for menstrual hygiene management?","In what LGA is this survey taking place?","Other","Kaga",0.333333333333333,NA,0,0.986654661513351
"278","What materials do you use for menstrual hygiene management?","In what LGA is this survey taking place?","Other","Kala/Balge",0.5,NA,0.5,0.5
"279","What materials do you use for menstrual hygiene management?","In what LGA is this survey taking place?","Other","Konduga",0,NA,0,0
"280","What materials do you use for menstrual hygiene management?","In what LGA is this survey taking place?","Other","Kukawa",0,NA,0,0
"281","What materials do you use for menstrual hygiene management?","In what LGA is this survey taking place?","Other","Kwaya Kusar",0.285714285714286,NA,0,0.672695546630469
"282","What materials do you use for menstrual hygiene management?","In what LGA is this survey taking place?","Other","Mafa",1,NA,1,1
"283","What materials do you use for menstrual hygiene management?","In what LGA is this survey taking place?","Other","Magumeri",1,NA,1,1
"284","What materials do you use for menstrual hygiene management?","In what LGA is this survey taking place?","Other","Maiduguri",0.666666666666667,NA,0.0133453384866489,1
"285","What materials do you use for menstrual hygiene management?","In what LGA is this survey taking place?","Other","Mobbar",0.25,NA,0,0.739990996135013
"286","What materials do you use for menstrual hygiene management?","In what LGA is this survey taking place?","Other","Monguno",0,NA,0,0
"287","What materials do you use for menstrual hygiene management?","In what LGA is this survey taking place?","Other","Ngala",0.8,NA,0.408007203091989,1
"288","What materials do you use for menstrual hygiene management?","In what LGA is this survey taking place?","Other","Nganzai",0.25,NA,0,0.739990996135013
"289","What materials do you use for menstrual hygiene management?","In what LGA is this survey taking place?","Other","Shani",1,NA,1,1
"290","What materials do you use for menstrual hygiene management?","In what LGA is this survey taking place?","Other","Bade",0.666666666666667,NA,0.0133453384866489,1
"291","What materials do you use for menstrual hygiene management?","In what LGA is this survey taking place?","Other","Bursari",0.4,NA,0,0.880091167635531
"292","What materials do you use for menstrual hygiene management?","In what LGA is this survey taking place?","Other","Damaturu",0.5,NA,0.0756553497214357,0.924344650278564
"293","What materials do you use for menstrual hygiene management?","In what LGA is this survey taking place?","Other","Fika",0.666666666666667,NA,0.231119114546655,1
"294","What materials do you use for menstrual hygiene management?","In what LGA is this survey taking place?","Other","Fune",0.5,NA,0.122804755307943,0.877195244692057
"295","What materials do you use for menstrual hygiene management?","In what LGA is this survey taking place?","Other","Gujba",1,NA,1,1
"296","What materials do you use for menstrual hygiene management?","In what LGA is this survey taking place?","Other","Gulani",0.25,NA,0,0.739990996135013
"297","What materials do you use for menstrual hygiene management?","In what LGA is this survey taking place?","Other","Jakusko",0.5,NA,0,1
"298","What materials do you use for menstrual hygiene management?","In what LGA is this survey taking place?","Other","Karasuwa",1,NA,1,1
"299","What materials do you use for menstrual hygiene management?","In what LGA is this survey taking place?","Other","Machina",0.333333333333333,NA,0,0.986654661513351
"300","What materials do you use for menstrual hygiene management?","In what LGA is this survey taking place?","Other","Nangere",0.75,NA,0.260009003864987,1
"301","What materials do you use for menstrual hygiene management?","In what LGA is this survey taking place?","Other","Nguru",0,NA,0,0
"302","What materials do you use for menstrual hygiene management?","In what LGA is this survey taking place?","Other","Potiskum",0.5,NA,0,1
"303","What materials do you use for menstrual hygiene management?","In what LGA is this survey taking place?","Other","Tarmua",0.4,NA,0.0159270658915753,0.784072934108425
"304","What materials do you use for menstrual hygiene management?","In what LGA is this survey taking place?","Other","Yunusari",1,NA,1,1
"305","What materials do you use for menstrual hygiene management?","In what LGA is this survey taking place?","Other","Yusufari",0,NA,0,0
"306","What materials do you use for menstrual hygiene management?","In what LGA is this survey taking place?","No response","Demsa",1,NA,1,1
"307","What materials do you use for menstrual hygiene management?","In what LGA is this survey taking place?","No response","Ganye",0,NA,0,0
"308","What materials do you use for menstrual hygiene management?","In what LGA is this survey taking place?","No response","Gombi",0.333333333333333,NA,0,0.677663906835867
"309","What materials do you use for menstrual hygiene management?","In what LGA is this survey taking place?","No response","Girei",0.571428571428571,NA,0.202653569588573,0.94020357326857
"310","What materials do you use for menstrual hygiene management?","In what LGA is this survey taking place?","No response","Guyuk",0.5,NA,0,1
"311","What materials do you use for menstrual hygiene management?","In what LGA is this survey taking place?","No response","Hong",0.5,NA,0,1
"312","What materials do you use for menstrual hygiene management?","In what LGA is this survey taking place?","No response","Jada",1,NA,1,1
"313","What materials do you use for menstrual hygiene management?","In what LGA is this survey taking place?","No response","Lamurde",0.333333333333333,NA,0,0.986654661513351
"314","What materials do you use for menstrual hygiene management?","In what LGA is this survey taking place?","No response","Madagali",0.5,NA,0,1
"315","What materials do you use for menstrual hygiene management?","In what LGA is this survey taking place?","No response","Maiha",0,NA,0,0
"316","What materials do you use for menstrual hygiene management?","In what LGA is this survey taking place?","No response","Mayo-Belwa",0.333333333333333,NA,0,0.986654661513351
"317","What materials do you use for menstrual hygiene management?","In what LGA is this survey taking place?","No response","Michika",1,NA,1,1
"318","What materials do you use for menstrual hygiene management?","In what LGA is this survey taking place?","No response","Mubi North",0.5,NA,0,1
"319","What materials do you use for menstrual hygiene management?","In what LGA is this survey taking place?","No response","Mubi South",0.5,NA,0.5,0.5
"320","What materials do you use for menstrual hygiene management?","In what LGA is this survey taking place?","No response","Numan",0,NA,0,0
"321","What materials do you use for menstrual hygiene management?","In what LGA is this survey taking place?","No response","Shelleng",0.666666666666667,NA,0.0133453384866489,1
"322","What materials do you use for menstrual hygiene management?","In what LGA is this survey taking place?","No response","Song",0.666666666666667,NA,0.231119114546655,1
"323","What materials do you use for menstrual hygiene management?","In what LGA is this survey taking place?","No response","Toungo",0.5,NA,0,1
"324","What materials do you use for menstrual hygiene management?","In what LGA is this survey taking place?","No response","Yola North",0.666666666666667,NA,0.0133453384866489,1
"325","What materials do you use for menstrual hygiene management?","In what LGA is this survey taking place?","No response","Yola South",0.666666666666667,NA,0.0133453384866489,1
"326","What materials do you use for menstrual hygiene management?","In what LGA is this survey taking place?","No response","Askira/Uba",0.5,NA,0,1
"327","What materials do you use for menstrual hygiene management?","In what LGA is this survey taking place?","No response","Bama",0,NA,0,0
"328","What materials do you use for menstrual hygiene management?","In what LGA is this survey taking place?","No response","Bayo",0.333333333333333,NA,0,0.986654661513351
"329","What materials do you use for menstrual hygiene management?","In what LGA is this survey taking place?","No response","Biu",0,NA,0,0
"330","What materials do you use for menstrual hygiene management?","In what LGA is this survey taking place?","No response","Chibok",0.5,NA,0,1
"331","What materials do you use for menstrual hygiene management?","In what LGA is this survey taking place?","No response","Damboa",0.333333333333333,NA,0,0.986654661513351
"332","What materials do you use for menstrual hygiene management?","In what LGA is this survey taking place?","No response","Dikwa",0.625,NA,0.193713392413415,1
"333","What materials do you use for menstrual hygiene management?","In what LGA is this survey taking place?","No response","Gubio",0.571428571428571,NA,0.175456050185806,0.967401092671336
"334","What materials do you use for menstrual hygiene management?","In what LGA is this survey taking place?","No response","Guzamala",0.333333333333333,NA,0,0.986654661513351
"335","What materials do you use for menstrual hygiene management?","In what LGA is this survey taking place?","No response","Gwoza",0,NA,0,0
"336","What materials do you use for menstrual hygiene management?","In what LGA is this survey taking place?","No response","Hawul",0.666666666666667,NA,0.0133453384866489,1
"337","What materials do you use for menstrual hygiene management?","In what LGA is this survey taking place?","No response","Jere",0.5,NA,0,1
"338","What materials do you use for menstrual hygiene management?","In what LGA is this survey taking place?","No response","Kaga",1,NA,1,1
"339","What materials do you use for menstrual hygiene management?","In what LGA is this survey taking place?","No response","Kala/Balge",0,NA,0,0
"340","What materials do you use for menstrual hygiene management?","In what LGA is this survey taking place?","No response","Konduga",0.5,NA,0,1
"341","What materials do you use for menstrual hygiene management?","In what LGA is this survey taking place?","No response","Kukawa",0.25,NA,0.0050045019324933,0.494995498067507
"342","What materials do you use for menstrual hygiene management?","In what LGA is this survey taking place?","No response","Kwaya Kusar",0.714285714285714,NA,0.327304453369531,1
"343","What materials do you use for menstrual hygiene management?","In what LGA is this survey taking place?","No response","Mafa",0,NA,0,0
"344","What materials do you use for menstrual hygiene management?","In what LGA is this survey taking place?","No response","Magumeri",1,NA,1,1
"345","What materials do you use for menstrual hygiene management?","In what LGA is this survey taking place?","No response","Maiduguri",0,NA,0,0
"346","What materials do you use for menstrual hygiene management?","In what LGA is this survey taking place?","No response","Mobbar",0.5,NA,0,1
"347","What materials do you use for menstrual hygiene management?","In what LGA is this survey taking place?","No response","Monguno",0.5,NA,0,1
"348","What materials do you use for menstrual hygiene management?","In what LGA is this survey taking place?","No response","Ngala",0.8,NA,0.408007203091989,1
"349","What materials do you use for menstrual hygiene management?","In what LGA is this survey taking place?","No response","Nganzai",0.5,NA,0,1
"350","What materials do you use for menstrual hygiene management?","In what LGA is this survey taking place?","No response","Shani",0.666666666666667,NA,0.0133453384866489,1
"351","What materials do you use for menstrual hygiene management?","In what LGA is this survey taking place?","No response","Bade",0,NA,0,0
"352","What materials do you use for menstrual hygiene management?","In what LGA is this survey taking place?","No response","Bursari",0.4,NA,0,0.880091167635531
"353","What materials do you use for menstrual hygiene management?","In what LGA is this survey taking place?","No response","Damaturu",0.75,NA,0.38250675289874,1
"354","What materials do you use for menstrual hygiene management?","In what LGA is this survey taking place?","No response","Fika",0.666666666666667,NA,0,1
"355","What materials do you use for menstrual hygiene management?","In what LGA is this survey taking place?","No response","Fune",0.5,NA,0.122804755307943,0.877195244692057
"356","What materials do you use for menstrual hygiene management?","In what LGA is this survey taking place?","No response","Gujba",0.5,NA,0.5,0.5
"357","What materials do you use for menstrual hygiene management?","In what LGA is this survey taking place?","No response","Gulani",1,NA,1,1
"358","What materials do you use for menstrual hygiene management?","In what LGA is this survey taking place?","No response","Jakusko",0.5,NA,0,1
"359","What materials do you use for menstrual hygiene management?","In what LGA is this survey taking place?","No response","Karasuwa",0.333333333333333,NA,0,0.986654661513351
"360","What materials do you use for menstrual hygiene management?","In what LGA is this survey taking place?","No response","Machina",0.666666666666667,NA,0.0133453384866489,1
"361","What materials do you use for menstrual hygiene management?","In what LGA is this survey taking place?","No response","Nangere",0.25,NA,0,0.739990996135013
"362","What materials do you use for menstrual hygiene management?","In what LGA is this survey taking place?","No response","Nguru",0,NA,0,0
"363","What materials do you use for menstrual hygiene management?","In what LGA is this survey taking place?","No response","Potiskum",0.75,NA,0.38250675289874,1
"364","What materials do you use for menstrual hygiene management?","In what LGA is this survey taking place?","No response","Tarmua",0.4,NA,0.0159270658915753,0.784072934108425
"365","What materials do you use for menstrual hygiene management?","In what LGA is this survey taking place?","No response","Yunusari",0.5,NA,0,1
"366","What materials do you use for menstrual hygiene management?","In what LGA is this survey taking place?","No response","Yusufari",0,NA,0,0
"367","What materials do you use for menstrual hygiene management?","In what LGA is this survey taking place?","Don't know","Demsa",0.333333333333333,NA,0,0.986654661513351
"368","What materials do you use for menstrual hygiene management?","In what LGA is this survey taking place?","Don't know","Ganye",1,NA,1,1
"369","What materials do you use for menstrual hygiene management?","In what LGA is this survey taking place?","Don't know","Gombi",0.5,NA,0,1
"370","What materials do you use for menstrual hygiene management?","In what LGA is this survey taking place?","Don't know","Girei",0,NA,0,0
"371","What materials do you use for menstrual hygiene management?","In what LGA is this survey taking place?","Don't know","Guyuk",0.5,NA,0,1
"372","What materials do you use for menstrual hygiene management?","In what LGA is this survey taking place?","Don't know","Hong",0.5,NA,0.122804755307943,0.877195244692057
"373","What materials do you use for menstrual hygiene management?","In what LGA is this survey taking place?","Don't know","Jada",1,NA,1,1
"374","What materials do you use for menstrual hygiene management?","In what LGA is this survey taking place?","Don't know","Lamurde",0,NA,0,0
"375","What materials do you use for menstrual hygiene management?","In what LGA is this survey taking place?","Don't know","Madagali",0,NA,0,0
"376","What materials do you use for menstrual hygiene management?","In what LGA is this survey taking place?","Don't know","Maiha",0.75,NA,0.260009003864987,1
"377","What materials do you use for menstrual hygiene management?","In what LGA is this survey taking place?","Don't know","Mayo-Belwa",0.333333333333333,NA,0,0.986654661513351
"378","What materials do you use for menstrual hygiene management?","In what LGA is this survey taking place?","Don't know","Michika",0,NA,0,0
"379","What materials do you use for menstrual hygiene management?","In what LGA is this survey taking place?","Don't know","Mubi North",0.75,NA,0.260009003864987,1
"380","What materials do you use for menstrual hygiene management?","In what LGA is this survey taking place?","Don't know","Mubi South",0.5,NA,0.5,0.5
"381","What materials do you use for menstrual hygiene management?","In what LGA is this survey taking place?","Don't know","Numan",0.5,NA,0,1
"382","What materials do you use for menstrual hygiene management?","In what LGA is this survey taking place?","Don't know","Shelleng",0.333333333333333,NA,0,0.986654661513351
"383","What materials do you use for menstrual hygiene management?","In what LGA is this survey taking place?","Don't know","Song",0,NA,0,0
"384","What materials do you use for menstrual hygiene management?","In what LGA is this survey taking place?","Don't know","Toungo",0.25,NA,0,0.61749324710126
"385","What materials do you use for menstrual hygiene management?","In what LGA is this survey taking place?","Don't know","Yola North",0.333333333333333,NA,0,0.986654661513351
"386","What materials do you use for menstrual hygiene management?","In what LGA is this survey taking place?","Don't know","Yola South",0,NA,0,0
"387","What materials do you use for menstrual hygiene management?","In what LGA is this survey taking place?","Don't know","Askira/Uba",0,NA,0,0
"388","What materials do you use for menstrual hygiene management?","In what LGA is this survey taking place?","Don't know","Bama",0.5,NA,0,1
"389","What materials do you use for menstrual hygiene management?","In what LGA is this survey taking place?","Don't know","Bayo",0.666666666666667,NA,0.0133453384866489,1
"390","What materials do you use for menstrual hygiene management?","In what LGA is this survey taking place?","Don't know","Biu",1,NA,1,1
"391","What materials do you use for menstrual hygiene management?","In what LGA is this survey taking place?","Don't know","Chibok",0.5,NA,0,1
"392","What materials do you use for menstrual hygiene management?","In what LGA is this survey taking place?","Don't know","Damboa",0.333333333333333,NA,0,0.986654661513351
"393","What materials do you use for menstrual hygiene management?","In what LGA is this survey taking place?","Don't know","Dikwa",0.375,NA,0,0.763580546786326
"394","What materials do you use for menstrual hygiene management?","In what LGA is this survey taking place?","Don't know","Gubio",0.857142857142857,NA,0.577148002208564,1
"395","What materials do you use for menstrual hygiene management?","In what LGA is this survey taking place?","Don't know","Guzamala",0,NA,0,0
"396","What materials do you use for menstrual hygiene management?","In what LGA is this survey taking place?","Don't know","Gwoza",0,NA,0,0
"397","What materials do you use for menstrual hygiene management?","In what LGA is this survey taking place?","Don't know","Hawul",0.666666666666667,NA,0.0133453384866489,1
"398","What materials do you use for menstrual hygiene management?","In what LGA is this survey taking place?","Don't know","Jere",0,NA,0,0
"399","What materials do you use for menstrual hygiene management?","In what LGA is this survey taking place?","Don't know","Kaga",0.666666666666667,NA,0.0133453384866489,1
"400","What materials do you use for menstrual hygiene management?","In what LGA is this survey taking place?","Don't know","Kala/Balge",0.5,NA,0.5,0.5
"401","What materials do you use for menstrual hygiene management?","In what LGA is this survey taking place?","Don't know","Konduga",0.5,NA,0,1
"402","What materials do you use for menstrual hygiene management?","In what LGA is this survey taking place?","Don't know","Kukawa",0.75,NA,0.505004501932493,0.994995498067507
"403","What materials do you use for menstrual hygiene management?","In what LGA is this survey taking place?","Don't know","Kwaya Kusar",0.142857142857143,NA,0,0.433506236007071
"404","What materials do you use for menstrual hygiene management?","In what LGA is this survey taking place?","Don't know","Mafa",0,NA,0,0
"405","What materials do you use for menstrual hygiene management?","In what LGA is this survey taking place?","Don't know","Magumeri",0,NA,0,0
"406","What materials do you use for menstrual hygiene management?","In what LGA is this survey taking place?","Don't know","Maiduguri",0,NA,0,0
"407","What materials do you use for menstrual hygiene management?","In what LGA is this survey taking place?","Don't know","Mobbar",0.5,NA,0,1
"408","What materials do you use for menstrual hygiene management?","In what LGA is this survey taking place?","Don't know","Monguno",0.5,NA,0,1
"409","What materials do you use for menstrual hygiene management?","In what LGA is this survey taking place?","Don't know","Ngala",0.6,NA,0.119908832364469,1
"410","What materials do you use for menstrual hygiene management?","In what LGA is this survey taking place?","Don't know","Nganzai",0.75,NA,0.260009003864987,1
"411","What materials do you use for menstrual hygiene management?","In what LGA is this survey taking place?","Don't know","Shani",0.666666666666667,NA,0.0133453384866489,1
"412","What materials do you use for menstrual hygiene management?","In what LGA is this survey taking place?","Don't know","Bade",0.333333333333333,NA,0,0.986654661513351
"413","What materials do you use for menstrual hygiene management?","In what LGA is this survey taking place?","Don't know","Bursari",0.6,NA,0.119908832364469,1
"414","What materials do you use for menstrual hygiene management?","In what LGA is this survey taking place?","Don't know","Damaturu",0.25,NA,0,0.811355207408878
"415","What materials do you use for menstrual hygiene management?","In what LGA is this survey taking place?","Don't know","Fika",0.666666666666667,NA,0,1
"416","What materials do you use for menstrual hygiene management?","In what LGA is this survey taking place?","Don't know","Fune",0.333333333333333,NA,0,0.768880885453345
"417","What materials do you use for menstrual hygiene management?","In what LGA is this survey taking place?","Don't know","Gujba",0,NA,0,0
"418","What materials do you use for menstrual hygiene management?","In what LGA is this survey taking place?","Don't know","Gulani",0.5,NA,0,1
"419","What materials do you use for menstrual hygiene management?","In what LGA is this survey taking place?","Don't know","Jakusko",0.5,NA,0,1
"420","What materials do you use for menstrual hygiene management?","In what LGA is this survey taking place?","Don't know","Karasuwa",0.333333333333333,NA,0,0.986654661513351
"421","What materials do you use for menstrual hygiene management?","In what LGA is this survey taking place?","Don't know","Machina",0.333333333333333,NA,0,0.986654661513351
"422","What materials do you use for menstrual hygiene management?","In what LGA is this survey taking place?","Don't know","Nangere",0.5,NA,0,1
"423","What materials do you use for menstrual hygiene management?","In what LGA is this survey taking place?","Don't know","Nguru",0,NA,0,0
"424","What materials do you use for menstrual hygiene management?","In what LGA is this survey taking place?","Don't know","Potiskum",0.75,NA,0.38250675289874,1
"425","What materials do you use for menstrual hygiene management?","In what LGA is this survey taking place?","Don't know","Tarmua",0.4,NA,0.0159270658915753,0.784072934108425
"426","What materials do you use for menstrual hygiene management?","In what LGA is this survey taking place?","Don't know","Yunusari",0,NA,0,0
"427","What materials do you use for menstrual hygiene management?","In what LGA is this survey taking place?","Don't know","Yusufari",0.666666666666667,NA,0.231119114546655,1
