"","dependent.var","independent.var","dependent.var.value","independent.var.value","numbers","se","min","max","repeat.var","repeat.var.value","p.value","test.name"
"1","coping_gap_index","group","2","idp",0.416666666666667,NA,0.350905818145932,0.482427515187401,"state","NG036",3.49011676072376e-05,"Pearson's X^2: Rao & Scott adjustment"
"2","coping_gap_index","group","2","non_displaced",0.357343837929094,NA,0.335057932632283,0.379629743225905,"state","NG036",3.49011676072376e-05,"Pearson's X^2: Rao & Scott adjustment"
"3","coping_gap_index","group","2","returnee",0.442771084337349,NA,0.389329550578186,0.496212618096513,"state","NG036",3.49011676072376e-05,"Pearson's X^2: Rao & Scott adjustment"
"4","coping_gap_index","group","1","idp",0.166666666666667,NA,0.116956137755109,0.216377195578225,"state","NG036",3.49011676072376e-05,"Pearson's X^2: Rao & Scott adjustment"
"5","coping_gap_index","group","1","non_displaced",0.253798536859876,NA,0.233560406032307,0.274036667687445,"state","NG036",3.49011676072376e-05,"Pearson's X^2: Rao & Scott adjustment"
"6","coping_gap_index","group","1","returnee",0.207831325301205,NA,0.164176042913737,0.251486607688673,"state","NG036",3.49011676072376e-05,"Pearson's X^2: Rao & Scott adjustment"
"7","coping_gap_index","group","3","idp",0.365740740740741,NA,0.301496424642357,0.429985056839124,"state","NG036",3.49011676072376e-05,"Pearson's X^2: Rao & Scott adjustment"
"8","coping_gap_index","group","3","non_displaced",0.308384918401801,NA,0.286907771546109,0.329862065257493,"state","NG036",3.49011676072376e-05,"Pearson's X^2: Rao & Scott adjustment"
"9","coping_gap_index","group","3","returnee",0.325301204819277,NA,0.274896593619019,0.375705816019535,"state","NG036",3.49011676072376e-05,"Pearson's X^2: Rao & Scott adjustment"
"10","coping_gap_index","group","4","idp",0.0509259259259259,NA,0.0216011870126138,0.080250664839238,"state","NG036",3.49011676072376e-05,"Pearson's X^2: Rao & Scott adjustment"
"11","coping_gap_index","group","4","non_displaced",0.080472706809229,NA,0.0678223023534176,0.0931231112650405,"state","NG036",3.49011676072376e-05,"Pearson's X^2: Rao & Scott adjustment"
"12","coping_gap_index","group","4","returnee",0.0240963855421687,NA,0.00759760367073994,0.0405951674135974,"state","NG036",3.49011676072376e-05,"Pearson's X^2: Rao & Scott adjustment"
"13","coping_gap_index","group","2","idp",0.395214521452145,NA,0.367686688736563,0.422742354167727,"state","NG008",1.12288372691928e-05,"Pearson's X^2: Rao & Scott adjustment"
"14","coping_gap_index","group","2","non_displaced",0.415222305953278,NA,0.388706399271402,0.441738212635154,"state","NG008",1.12288372691928e-05,"Pearson's X^2: Rao & Scott adjustment"
"15","coping_gap_index","group","2","returnee",0.393155258764608,NA,0.36549229944506,0.420818218084155,"state","NG008",1.12288372691928e-05,"Pearson's X^2: Rao & Scott adjustment"
"16","coping_gap_index","group","3","idp",0.417491749174917,NA,0.38972469002833,0.445258808321505,"state","NG008",1.12288372691928e-05,"Pearson's X^2: Rao & Scott adjustment"
"17","coping_gap_index","group","3","non_displaced",0.342125094197438,NA,0.316596031486655,0.36765415690822,"state","NG008",1.12288372691928e-05,"Pearson's X^2: Rao & Scott adjustment"
"18","coping_gap_index","group","3","returnee",0.360601001669449,NA,0.333406742179386,0.387795261159512,"state","NG008",1.12288372691928e-05,"Pearson's X^2: Rao & Scott adjustment"
"19","coping_gap_index","group","1","idp",0.132838283828383,NA,0.113728024855092,0.151948542801674,"state","NG008",1.12288372691928e-05,"Pearson's X^2: Rao & Scott adjustment"
"20","coping_gap_index","group","1","non_displaced",0.197437829691032,NA,0.176017543382462,0.218858115999602,"state","NG008",1.12288372691928e-05,"Pearson's X^2: Rao & Scott adjustment"
"21","coping_gap_index","group","1","returnee",0.179465776293823,NA,0.157732912009677,0.201198640577969,"state","NG008",1.12288372691928e-05,"Pearson's X^2: Rao & Scott adjustment"
"22","coping_gap_index","group","4","idp",0.0544554455445545,NA,0.0416788086363481,0.0672320824527608,"state","NG008",1.12288372691928e-05,"Pearson's X^2: Rao & Scott adjustment"
"23","coping_gap_index","group","4","non_displaced",0.0452147701582517,NA,0.0340342050627684,0.056395335253735,"state","NG008",1.12288372691928e-05,"Pearson's X^2: Rao & Scott adjustment"
"24","coping_gap_index","group","4","returnee",0.0667779632721202,NA,0.0526399991780413,0.0809159273661991,"state","NG008",1.12288372691928e-05,"Pearson's X^2: Rao & Scott adjustment"
"25","coping_gap_index","group","3","idp",0.266304347826087,NA,0.202426354346207,0.330182341305967,"state","NG002",0.000386282249080742,"Pearson's X^2: Rao & Scott adjustment"
"26","coping_gap_index","group","3","non_displaced",0.209942638623327,NA,0.194330698858241,0.225554578388413,"state","NG002",0.000386282249080742,"Pearson's X^2: Rao & Scott adjustment"
"27","coping_gap_index","group","3","returnee",0.222836095764273,NA,0.1878285034883,0.257843688040245,"state","NG002",0.000386282249080742,"Pearson's X^2: Rao & Scott adjustment"
"28","coping_gap_index","group","2","idp",0.380434782608696,NA,0.310275072301201,0.45059449291619,"state","NG002",0.000386282249080742,"Pearson's X^2: Rao & Scott adjustment"
"29","coping_gap_index","group","2","non_displaced",0.439770554493308,NA,0.420743425226898,0.458797683759718,"state","NG002",0.000386282249080742,"Pearson's X^2: Rao & Scott adjustment"
"30","coping_gap_index","group","2","returnee",0.405156537753223,NA,0.363858831279256,0.44645424422719,"state","NG002",0.000386282249080742,"Pearson's X^2: Rao & Scott adjustment"
"31","coping_gap_index","group","1","idp",0.266304347826087,NA,0.202426354346207,0.330182341305967,"state","NG002",0.000386282249080742,"Pearson's X^2: Rao & Scott adjustment"
"32","coping_gap_index","group","1","non_displaced",0.272275334608031,NA,0.255211959929772,0.289338709286289,"state","NG002",0.000386282249080742,"Pearson's X^2: Rao & Scott adjustment"
"33","coping_gap_index","group","1","returnee",0.23572744014733,NA,0.200021344437131,0.271433535857528,"state","NG002",0.000386282249080742,"Pearson's X^2: Rao & Scott adjustment"
"34","coping_gap_index","group","4","idp",0.0869565217391304,NA,0.0462371589049819,0.127675884573279,"state","NG002",0.000386282249080742,"Pearson's X^2: Rao & Scott adjustment"
"35","coping_gap_index","group","4","non_displaced",0.0780114722753346,NA,0.0677308542081723,0.0882920903424969,"state","NG002",0.000386282249080742,"Pearson's X^2: Rao & Scott adjustment"
"36","coping_gap_index","group","4","returnee",0.136279926335175,NA,0.10741864469764,0.16514120797271,"state","NG002",0.000386282249080742,"Pearson's X^2: Rao & Scott adjustment"
"37","protection_index","group","1","idp",0.763888888888889,NA,0.707240424375638,0.82053735340214,"state","NG036",9.51397734461056e-22,"Pearson's X^2: Rao & Scott adjustment"
"38","protection_index","group","1","non_displaced",0.928329571106095,NA,0.916317139044896,0.940342003167293,"state","NG036",9.51397734461056e-22,"Pearson's X^2: Rao & Scott adjustment"
"39","protection_index","group","1","returnee",0.801204819277109,NA,0.758266269761422,0.844143368792795,"state","NG036",9.51397734461056e-22,"Pearson's X^2: Rao & Scott adjustment"
"40","protection_index","group","2","idp",0.203703703703704,NA,0.149981769066192,0.257425638341216,"state","NG036",9.51397734461056e-22,"Pearson's X^2: Rao & Scott adjustment"
"41","protection_index","group","2","non_displaced",0.0699774266365688,NA,0.0580969030986347,0.081857950174503,"state","NG036",9.51397734461056e-22,"Pearson's X^2: Rao & Scott adjustment"
"42","protection_index","group","2","returnee",0.183734939759036,NA,0.142068715546643,0.22540116397143,"state","NG036",9.51397734461056e-22,"Pearson's X^2: Rao & Scott adjustment"
"43","protection_index","group","3","idp",0.0324074074074074,NA,0.00878722509011035,0.0560275897247045,"state","NG036",9.51397734461056e-22,"Pearson's X^2: Rao & Scott adjustment"
"44","protection_index","group","3","non_displaced",0.00169300225733634,NA,0,0.00360756973173641,"state","NG036",9.51397734461056e-22,"Pearson's X^2: Rao & Scott adjustment"
"45","protection_index","group","3","returnee",0.0150602409638554,NA,0.00195655543375666,0.0281639264939542,"state","NG036",9.51397734461056e-22,"Pearson's X^2: Rao & Scott adjustment"
"46","protection_index","group","1","idp",0.690397350993378,NA,0.664322321834923,0.716472380151832,"state","NG008",4.86114391839189e-37,"Pearson's X^2: Rao & Scott adjustment"
"47","protection_index","group","1","non_displaced",0.892075471698113,NA,0.87536613088007,0.908784812516156,"state","NG008",4.86114391839189e-37,"Pearson's X^2: Rao & Scott adjustment"
"48","protection_index","group","1","returnee",0.715842414082146,NA,0.690246272915838,0.741438555248454,"state","NG008",4.86114391839189e-37,"Pearson's X^2: Rao & Scott adjustment"
"49","protection_index","group","2","idp",0.248344370860927,NA,0.223976952037405,0.272711789684449,"state","NG008",4.86114391839189e-37,"Pearson's X^2: Rao & Scott adjustment"
"50","protection_index","group","2","non_displaced",0.0988679245283019,NA,0.0827940574894554,0.114941791567148,"state","NG008",4.86114391839189e-37,"Pearson's X^2: Rao & Scott adjustment"
"51","protection_index","group","2","returnee",0.229673093042749,NA,0.205801645811639,0.25354454027386,"state","NG008",4.86114391839189e-37,"Pearson's X^2: Rao & Scott adjustment"
"52","protection_index","group","4","idp",0.00496688741721854,NA,0.00100197283695927,0.00893180199747782,"state","NG008",4.86114391839189e-37,"Pearson's X^2: Rao & Scott adjustment"
"53","protection_index","group","4","non_displaced",0.00226415094339623,NA,0,0.0048236732290313,"state","NG008",4.86114391839189e-37,"Pearson's X^2: Rao & Scott adjustment"
"54","protection_index","group","4","returnee",0.00922045264040235,NA,0.00379606405875945,0.0146448412220452,"state","NG008",4.86114391839189e-37,"Pearson's X^2: Rao & Scott adjustment"
"55","protection_index","group","3","idp",0.0562913907284768,NA,0.0432923034904743,0.0692904779664793,"state","NG008",4.86114391839189e-37,"Pearson's X^2: Rao & Scott adjustment"
"56","protection_index","group","3","non_displaced",0.00679245283018868,NA,0.00236930189234437,0.011215603768033,"state","NG008",4.86114391839189e-37,"Pearson's X^2: Rao & Scott adjustment"
"57","protection_index","group","3","returnee",0.0452640402347024,NA,0.033466147203463,0.0570619332659419,"state","NG008",4.86114391839189e-37,"Pearson's X^2: Rao & Scott adjustment"
"58","protection_index","group","1","idp",0.792349726775956,NA,0.733572052646124,0.851127400905788,"state","NG002",1.30510443111904e-17,"Pearson's X^2: Rao & Scott adjustment"
"59","protection_index","group","1","non_displaced",0.886119631901841,NA,0.873926085122379,0.898313178681302,"state","NG002",1.30510443111904e-17,"Pearson's X^2: Rao & Scott adjustment"
"60","protection_index","group","1","returnee",0.740331491712707,NA,0.703447656722378,0.777215326703037,"state","NG002",1.30510443111904e-17,"Pearson's X^2: Rao & Scott adjustment"
"61","protection_index","group","2","idp",0.19672131147541,NA,0.139118124092605,0.254324498858214,"state","NG002",1.30510443111904e-17,"Pearson's X^2: Rao & Scott adjustment"
"62","protection_index","group","2","non_displaced",0.103527607361963,NA,0.0918337986097532,0.115221416114173,"state","NG002",1.30510443111904e-17,"Pearson's X^2: Rao & Scott adjustment"
"63","protection_index","group","2","returnee",0.23572744014733,NA,0.200021331614991,0.271433548679668,"state","NG002",1.30510443111904e-17,"Pearson's X^2: Rao & Scott adjustment"
"64","protection_index","group","3","idp",0.0109289617486339,NA,0,0.0259947161231571,"state","NG002",1.30510443111904e-17,"Pearson's X^2: Rao & Scott adjustment"
"65","protection_index","group","3","non_displaced",0.00996932515337423,NA,0.00615588755375683,0.0137827627529916,"state","NG002",1.30510443111904e-17,"Pearson's X^2: Rao & Scott adjustment"
"66","protection_index","group","3","returnee",0.0184162062615101,NA,0.00710582897766724,0.029726583545353,"state","NG002",1.30510443111904e-17,"Pearson's X^2: Rao & Scott adjustment"
"67","protection_index","group","4","idp",0,NA,0,0,"state","NG002",1.30510443111904e-17,"Pearson's X^2: Rao & Scott adjustment"
"68","protection_index","group","4","non_displaced",0.000383435582822086,NA,0,0.00113492413118306,"state","NG002",1.30510443111904e-17,"Pearson's X^2: Rao & Scott adjustment"
"69","protection_index","group","4","returnee",0.00552486187845304,NA,0,0.011760357732821,"state","NG002",1.30510443111904e-17,"Pearson's X^2: Rao & Scott adjustment"
"70","education_index","group","3","idp",0.276190476190476,NA,0.190632467414816,0.361748484966136,"state","NG036",0.394347253014946,"Pearson's X^2: Rao & Scott adjustment"
"71","education_index","group","3","non_displaced",0.258465011286682,NA,0.229625448962183,0.28730457361118,"state","NG036",0.394347253014946,"Pearson's X^2: Rao & Scott adjustment"
"72","education_index","group","3","returnee",0.182432432432432,NA,0.120185089765274,0.244679775099591,"state","NG036",0.394347253014946,"Pearson's X^2: Rao & Scott adjustment"
"73","education_index","group","2","idp",0.704761904761905,NA,0.617474500198711,0.792049309325099,"state","NG036",0.394347253014946,"Pearson's X^2: Rao & Scott adjustment"
"74","education_index","group","2","non_displaced",0.72234762979684,NA,0.692846015568987,0.751849244024693,"state","NG036",0.394347253014946,"Pearson's X^2: Rao & Scott adjustment"
"75","education_index","group","2","returnee",0.797297297297297,NA,0.732501344561986,0.862093250032609,"state","NG036",0.394347253014946,"Pearson's X^2: Rao & Scott adjustment"
"76","education_index","group","4","idp",0,NA,0,0,"state","NG036",0.394347253014946,"Pearson's X^2: Rao & Scott adjustment"
"77","education_index","group","4","non_displaced",0.00564334085778781,NA,0.000708635855406004,0.0105780458601696,"state","NG036",0.394347253014946,"Pearson's X^2: Rao & Scott adjustment"
"78","education_index","group","4","returnee",0,NA,0,0,"state","NG036",0.394347253014946,"Pearson's X^2: Rao & Scott adjustment"
"79","education_index","group","1","idp",0.019047619047619,NA,0,0.045204652247314,"state","NG036",0.394347253014946,"Pearson's X^2: Rao & Scott adjustment"
"80","education_index","group","1","non_displaced",0.0135440180586907,NA,0.00592963750103908,0.0211583986163424,"state","NG036",0.394347253014946,"Pearson's X^2: Rao & Scott adjustment"
"81","education_index","group","1","returnee",0.0202702702702703,NA,0,0.0429841267552729,"state","NG036",0.394347253014946,"Pearson's X^2: Rao & Scott adjustment"
"82","education_index","group","3","idp",0.278481012658228,NA,0.241110212624776,0.31585181269168,"state","NG008",0.160043779016977,"Pearson's X^2: Rao & Scott adjustment"
"83","education_index","group","3","non_displaced",0.270967741935484,NA,0.235972451029279,0.305963032841689,"state","NG008",0.160043779016977,"Pearson's X^2: Rao & Scott adjustment"
"84","education_index","group","3","returnee",0.224199288256228,NA,0.189708959989114,0.258689616523341,"state","NG008",0.160043779016977,"Pearson's X^2: Rao & Scott adjustment"
"85","education_index","group","2","idp",0.688969258589512,NA,0.650375924559757,0.727562592619267,"state","NG008",0.160043779016977,"Pearson's X^2: Rao & Scott adjustment"
"86","education_index","group","2","non_displaced",0.706451612903226,NA,0.670595888672431,0.742307337134021,"state","NG008",0.160043779016977,"Pearson's X^2: Rao & Scott adjustment"
"87","education_index","group","2","returnee",0.754448398576512,NA,0.718853211305759,0.790043585847266,"state","NG008",0.160043779016977,"Pearson's X^2: Rao & Scott adjustment"
"88","education_index","group","4","idp",0.0144665461121157,NA,0.00451183109267678,0.0244212611315547,"state","NG008",0.160043779016977,"Pearson's X^2: Rao & Scott adjustment"
"89","education_index","group","4","non_displaced",0.00483870967741936,NA,0,0.0103024362728077,"state","NG008",0.160043779016977,"Pearson's X^2: Rao & Scott adjustment"
"90","education_index","group","4","returnee",0.00711743772241993,NA,0.000165339397584459,0.0140695360472554,"state","NG008",0.160043779016977,"Pearson's X^2: Rao & Scott adjustment"
"91","education_index","group","1","idp",0.0180831826401447,NA,0.00697391315561828,0.029192452124671,"state","NG008",0.160043779016977,"Pearson's X^2: Rao & Scott adjustment"
"92","education_index","group","1","non_displaced",0.017741935483871,NA,0.00734774339109664,0.0281361275766453,"state","NG008",0.160043779016977,"Pearson's X^2: Rao & Scott adjustment"
"93","education_index","group","1","returnee",0.0142348754448399,NA,0.00443842634060468,0.024031324549075,"state","NG008",0.160043779016977,"Pearson's X^2: Rao & Scott adjustment"
"94","education_index","group","3","idp",0.315789473684211,NA,0.211248667634546,0.420330279733874,"state","NG002",0.377285219497412,"Pearson's X^2: Rao & Scott adjustment"
"95","education_index","group","3","non_displaced",0.236979166666667,NA,0.212415342353992,0.261542990979341,"state","NG002",0.377285219497412,"Pearson's X^2: Rao & Scott adjustment"
"96","education_index","group","3","returnee",0.226415094339623,NA,0.170059414732186,0.282770773947059,"state","NG002",0.377285219497412,"Pearson's X^2: Rao & Scott adjustment"
"97","education_index","group","2","idp",0.657894736842105,NA,0.551198223458381,0.764591250225829,"state","NG002",0.377285219497412,"Pearson's X^2: Rao & Scott adjustment"
"98","education_index","group","2","non_displaced",0.749131944444444,NA,0.72408962560442,0.774174263284469,"state","NG002",0.377285219497412,"Pearson's X^2: Rao & Scott adjustment"
"99","education_index","group","2","returnee",0.75,NA,0.691691530016454,0.808308469983546,"state","NG002",0.377285219497412,"Pearson's X^2: Rao & Scott adjustment"
"100","education_index","group","1","idp",0.0263157894736842,NA,0,0.0623163621539582,"state","NG002",0.377285219497412,"Pearson's X^2: Rao & Scott adjustment"
"101","education_index","group","1","non_displaced",0.0112847222222222,NA,0.00518298135683079,0.0173864630876137,"state","NG002",0.377285219497412,"Pearson's X^2: Rao & Scott adjustment"
"102","education_index","group","1","returnee",0.0235849056603774,NA,0.00315034411949854,0.0440194672012562,"state","NG002",0.377285219497412,"Pearson's X^2: Rao & Scott adjustment"
"103","education_index","group","4","idp",0,NA,0,0,"state","NG002",0.377285219497412,"Pearson's X^2: Rao & Scott adjustment"
"104","education_index","group","4","non_displaced",0.00260416666666667,NA,0,0.0055481873930014,"state","NG002",0.377285219497412,"Pearson's X^2: Rao & Scott adjustment"
"105","education_index","group","4","returnee",0,NA,0,0,"state","NG002",0.377285219497412,"Pearson's X^2: Rao & Scott adjustment"
"dependent.var","shelter_index
",NA,NA,NA,NA,NA,NA,NA,"state","NG036",NA,"dependent variable ""shelter_index
"" not found in data."
"dependent.var1","shelter_index
",NA,NA,NA,NA,NA,NA,NA,"state","NG008",NA,"dependent variable ""shelter_index
"" not found in data."
"dependent.var2","shelter_index
",NA,NA,NA,NA,NA,NA,NA,"state","NG002",NA,"dependent variable ""shelter_index
"" not found in data."
"110","earlyrecovery_index","group","2","idp",0.672811059907834,NA,0.610372038973663,0.735250080842005,"state","NG036",0.00164100409717185,"Pearson's X^2: Rao & Scott adjustment"
"210","earlyrecovery_index","group","2","non_displaced",0.628587196467991,NA,0.606335035790558,0.650839357145424,"state","NG036",0.00164100409717185,"Pearson's X^2: Rao & Scott adjustment"
"310","earlyrecovery_index","group","2","returnee",0.698795180722892,NA,0.649434976263016,0.748155385182768,"state","NG036",0.00164100409717185,"Pearson's X^2: Rao & Scott adjustment"
"410","earlyrecovery_index","group","1","idp",0.225806451612903,NA,0.170164396358813,0.281448506866994,"state","NG036",0.00164100409717185,"Pearson's X^2: Rao & Scott adjustment"
"510","earlyrecovery_index","group","1","non_displaced",0.198675496688742,NA,0.180300073420002,0.217050919957482,"state","NG036",0.00164100409717185,"Pearson's X^2: Rao & Scott adjustment"
"610","earlyrecovery_index","group","1","returnee",0.198795180722892,NA,0.155856791976111,0.241733569469672,"state","NG036",0.00164100409717185,"Pearson's X^2: Rao & Scott adjustment"
"710","earlyrecovery_index","group","3","idp",0.0967741935483871,NA,0.0574293189590632,0.136119068137711,"state","NG036",0.00164100409717185,"Pearson's X^2: Rao & Scott adjustment"
"810","earlyrecovery_index","group","3","non_displaced",0.150110375275938,NA,0.133661068298358,0.166559682253519,"state","NG036",0.00164100409717185,"Pearson's X^2: Rao & Scott adjustment"
"910","earlyrecovery_index","group","3","returnee",0.102409638554217,NA,0.0697898945762672,0.135029382532167,"state","NG036",0.00164100409717185,"Pearson's X^2: Rao & Scott adjustment"
"106","earlyrecovery_index","group","4","idp",0.00460829493087558,NA,0,0.0136214606842738,"state","NG036",0.00164100409717185,"Pearson's X^2: Rao & Scott adjustment"
"111","earlyrecovery_index","group","4","non_displaced",0.0226269315673289,NA,0.0157782968662788,0.029475566268379,"state","NG036",0.00164100409717185,"Pearson's X^2: Rao & Scott adjustment"
"121","earlyrecovery_index","group","4","returnee",0,NA,0,0,"state","NG036",0.00164100409717185,"Pearson's X^2: Rao & Scott adjustment"
"112","earlyrecovery_index","group","2","idp",0.582651391162029,NA,0.55499954338848,0.610303238935579,"state","NG008",1.20411946033511e-10,"Pearson's X^2: Rao & Scott adjustment"
"211","earlyrecovery_index","group","2","non_displaced",0.660165041260315,NA,0.634734764051553,0.685595318469077,"state","NG008",1.20411946033511e-10,"Pearson's X^2: Rao & Scott adjustment"
"311","earlyrecovery_index","group","2","returnee",0.588528678304239,NA,0.560717033851876,0.616340322756602,"state","NG008",1.20411946033511e-10,"Pearson's X^2: Rao & Scott adjustment"
"411","earlyrecovery_index","group","1","idp",0.138297872340426,NA,0.118940045066731,0.15765569961412,"state","NG008",1.20411946033511e-10,"Pearson's X^2: Rao & Scott adjustment"
"511","earlyrecovery_index","group","1","non_displaced",0.179294823705926,NA,0.158699516769735,0.199890130642118,"state","NG008",1.20411946033511e-10,"Pearson's X^2: Rao & Scott adjustment"
"611","earlyrecovery_index","group","1","returnee",0.172901080631754,NA,0.15152881082152,0.194273350441988,"state","NG008",1.20411946033511e-10,"Pearson's X^2: Rao & Scott adjustment"
"711","earlyrecovery_index","group","4","idp",0.0466448445171849,NA,0.0348198904340123,0.0584697986003576,"state","NG008",1.20411946033511e-10,"Pearson's X^2: Rao & Scott adjustment"
"811","earlyrecovery_index","group","4","non_displaced",0.0225056264066017,NA,0.014542318790998,0.0304689340222053,"state","NG008",1.20411946033511e-10,"Pearson's X^2: Rao & Scott adjustment"
"911","earlyrecovery_index","group","4","returnee",0.0423940149625935,NA,0.0310067672559788,0.0537812626692083,"state","NG008",1.20411946033511e-10,"Pearson's X^2: Rao & Scott adjustment"
"107","earlyrecovery_index","group","3","idp",0.23240589198036,NA,0.208721640612737,0.256090143347983,"state","NG008",1.20411946033511e-10,"Pearson's X^2: Rao & Scott adjustment"
"113","earlyrecovery_index","group","3","non_displaced",0.138034508627157,NA,0.119514994728856,0.156554022525457,"state","NG008",1.20411946033511e-10,"Pearson's X^2: Rao & Scott adjustment"
"122","earlyrecovery_index","group","3","returnee",0.196176226101413,NA,0.17373344472345,0.218619007479376,"state","NG008",1.20411946033511e-10,"Pearson's X^2: Rao & Scott adjustment"
"114","earlyrecovery_index","group","2","idp",0.581521739130435,NA,0.510232611134949,0.652810867125921,"state","NG002",0.00247253832099078,"Pearson's X^2: Rao & Scott adjustment"
"212","earlyrecovery_index","group","2","non_displaced",0.635222518067706,NA,0.616819271470146,0.653625764665266,"state","NG002",0.00247253832099078,"Pearson's X^2: Rao & Scott adjustment"
"312","earlyrecovery_index","group","2","returnee",0.599264705882353,NA,0.558078528760411,0.640450883004295,"state","NG002",0.00247253832099078,"Pearson's X^2: Rao & Scott adjustment"
"412","earlyrecovery_index","group","1","idp",0.298913043478261,NA,0.23275810788629,0.365067979070231,"state","NG002",0.00247253832099078,"Pearson's X^2: Rao & Scott adjustment"
"512","earlyrecovery_index","group","1","non_displaced",0.216432103461392,NA,0.200688046592894,0.23217616032989,"state","NG002",0.00247253832099078,"Pearson's X^2: Rao & Scott adjustment"
"612","earlyrecovery_index","group","1","returnee",0.28125,NA,0.243462467811953,0.319037532188047,"state","NG002",0.00247253832099078,"Pearson's X^2: Rao & Scott adjustment"
"712","earlyrecovery_index","group","3","idp",0.119565217391304,NA,0.0726779525788175,0.166452482203791,"state","NG002",0.00247253832099078,"Pearson's X^2: Rao & Scott adjustment"
"812","earlyrecovery_index","group","3","non_displaced",0.126664130848231,NA,0.113948586262546,0.139379675433916,"state","NG002",0.00247253832099078,"Pearson's X^2: Rao & Scott adjustment"
"912","earlyrecovery_index","group","3","returnee",0.104779411764706,NA,0.079038949353699,0.130519874175713,"state","NG002",0.00247253832099078,"Pearson's X^2: Rao & Scott adjustment"
"108","earlyrecovery_index","group","4","idp",0,NA,0,0,"state","NG002",0.00247253832099078,"Pearson's X^2: Rao & Scott adjustment"
"115","earlyrecovery_index","group","4","non_displaced",0.0216812476226702,NA,0.0161132400613954,0.027249255183945,"state","NG002",0.00247253832099078,"Pearson's X^2: Rao & Scott adjustment"
"123","earlyrecovery_index","group","4","returnee",0.0147058823529412,NA,0.00458911357043698,0.0248226511354454,"state","NG002",0.00247253832099078,"Pearson's X^2: Rao & Scott adjustment"
"116","wash_index","group","1","idp",0.230337078651685,NA,0.16846689563905,0.292207261664321,"state","NG036",3.63073983379573e-06,"Pearson's X^2: Rao & Scott adjustment"
"213","wash_index","group","1","non_displaced",0.162071284465367,NA,0.143336000417895,0.180806568512838,"state","NG036",3.63073983379573e-06,"Pearson's X^2: Rao & Scott adjustment"
"313","wash_index","group","1","returnee",0.2,NA,0.153951002006535,0.246048997993465,"state","NG036",3.63073983379573e-06,"Pearson's X^2: Rao & Scott adjustment"
"413","wash_index","group","2","idp",0.646067415730337,NA,0.575800905711112,0.716333925749563,"state","NG036",3.63073983379573e-06,"Pearson's X^2: Rao & Scott adjustment"
"513","wash_index","group","2","non_displaced",0.589105581708137,NA,0.564092603910213,0.614118559506062,"state","NG036",3.63073983379573e-06,"Pearson's X^2: Rao & Scott adjustment"
"613","wash_index","group","2","returnee",0.672413793103448,NA,0.618383004827833,0.726444581379064,"state","NG036",3.63073983379573e-06,"Pearson's X^2: Rao & Scott adjustment"
"713","wash_index","group","3","idp",0.112359550561798,NA,0.0659537007608564,0.158765400362739,"state","NG036",3.63073983379573e-06,"Pearson's X^2: Rao & Scott adjustment"
"813","wash_index","group","3","non_displaced",0.194351042367182,NA,0.174233724884486,0.214468359849879,"state","NG036",3.63073983379573e-06,"Pearson's X^2: Rao & Scott adjustment"
"913","wash_index","group","3","returnee",0.110344827586207,NA,0.0742747532385063,0.146414901933908,"state","NG036",3.63073983379573e-06,"Pearson's X^2: Rao & Scott adjustment"
"109","wash_index","group","4","idp",0.0112359550561798,NA,0,0.0267241398067591,"state","NG036",3.63073983379573e-06,"Pearson's X^2: Rao & Scott adjustment"
"117","wash_index","group","4","non_displaced",0.0544720914593141,NA,0.0429341612094741,0.066010021709154,"state","NG036",3.63073983379573e-06,"Pearson's X^2: Rao & Scott adjustment"
"124","wash_index","group","4","returnee",0.0172413793103448,NA,0.002255934881001,0.0322268237396887,"state","NG036",3.63073983379573e-06,"Pearson's X^2: Rao & Scott adjustment"
"118","wash_index","group","1","idp",0.223414634146341,NA,0.19791058955007,0.248918678742613,"state","NG008",4.62251160084974e-35,"Pearson's X^2: Rao & Scott adjustment"
"214","wash_index","group","1","non_displaced",0.104861773117255,NA,0.0863184960007018,0.123405050233807,"state","NG008",4.62251160084974e-35,"Pearson's X^2: Rao & Scott adjustment"
"314","wash_index","group","1","returnee",0.29175704989154,NA,0.262410508095292,0.321103591687788,"state","NG008",4.62251160084974e-35,"Pearson's X^2: Rao & Scott adjustment"
"414","wash_index","group","3","idp",0.114146341463415,NA,0.0946761313065756,0.133616551620254,"state","NG008",4.62251160084974e-35,"Pearson's X^2: Rao & Scott adjustment"
"514","wash_index","group","3","non_displaced",0.225929456625357,NA,0.200618443006335,0.25124047024438,"state","NG008",4.62251160084974e-35,"Pearson's X^2: Rao & Scott adjustment"
"614","wash_index","group","3","returnee",0.11822125813449,NA,0.0973771785650476,0.139065337703933,"state","NG008",4.62251160084974e-35,"Pearson's X^2: Rao & Scott adjustment"
"714","wash_index","group","2","idp",0.658536585365854,NA,0.629501661426999,0.687571509304708,"state","NG008",4.62251160084974e-35,"Pearson's X^2: Rao & Scott adjustment"
"814","wash_index","group","2","non_displaced",0.639656816015253,NA,0.610598896944085,0.66871473508642,"state","NG008",4.62251160084974e-35,"Pearson's X^2: Rao & Scott adjustment"
"914","wash_index","group","2","returnee",0.58351409978308,NA,0.551688180967388,0.615340018598773,"state","NG008",4.62251160084974e-35,"Pearson's X^2: Rao & Scott adjustment"
"1010","wash_index","group","4","idp",0.00390243902439024,NA,8.49512860365931e-05,0.00771992676274389,"state","NG008",4.62251160084974e-35,"Pearson's X^2: Rao & Scott adjustment"
"119","wash_index","group","4","non_displaced",0.0295519542421354,NA,0.0193022322544062,0.0398016762298646,"state","NG008",4.62251160084974e-35,"Pearson's X^2: Rao & Scott adjustment"
"125","wash_index","group","4","returnee",0.00650759219088937,NA,0.00131663362198473,0.011698550759794,"state","NG008",4.62251160084974e-35,"Pearson's X^2: Rao & Scott adjustment"
"120","wash_index","group","2","idp",0.626016260162602,NA,0.540489209313577,0.711543311011626,"state","NG002",1.0593349699902e-08,"Pearson's X^2: Rao & Scott adjustment"
"215","wash_index","group","2","non_displaced",0.553213909378293,NA,0.530842922186194,0.575584896570391,"state","NG002",1.0593349699902e-08,"Pearson's X^2: Rao & Scott adjustment"
"315","wash_index","group","2","returnee",0.668235294117647,NA,0.623461673304024,0.71300891493127,"state","NG002",1.0593349699902e-08,"Pearson's X^2: Rao & Scott adjustment"
"415","wash_index","group","4","idp",0.0813008130081301,NA,0.0329928816841069,0.129608744332153,"state","NG002",1.0593349699902e-08,"Pearson's X^2: Rao & Scott adjustment"
"515","wash_index","group","4","non_displaced",0.128556375131718,NA,0.113495325514014,0.143617424749421,"state","NG002",1.0593349699902e-08,"Pearson's X^2: Rao & Scott adjustment"
"615","wash_index","group","4","returnee",0.0447058823529412,NA,0.0250544908543132,0.0643572738515691,"state","NG002",1.0593349699902e-08,"Pearson's X^2: Rao & Scott adjustment"
"715","wash_index","group","1","idp",0.130081300813008,NA,0.0706204528055413,0.189542148820475,"state","NG002",1.0593349699902e-08,"Pearson's X^2: Rao & Scott adjustment"
"815","wash_index","group","1","non_displaced",0.0558482613277134,NA,0.045515544945797,0.0661809777096297,"state","NG002",1.0593349699902e-08,"Pearson's X^2: Rao & Scott adjustment"
"915","wash_index","group","1","returnee",0.0658823529411765,NA,0.0422923627872836,0.0894723430950694,"state","NG002",1.0593349699902e-08,"Pearson's X^2: Rao & Scott adjustment"
"1011","wash_index","group","3","idp",0.16260162601626,NA,0.097376815116271,0.227826436916249,"state","NG002",1.0593349699902e-08,"Pearson's X^2: Rao & Scott adjustment"
"1110","wash_index","group","3","non_displaced",0.262381454162276,NA,0.242585735967026,0.282177172357526,"state","NG002",1.0593349699902e-08,"Pearson's X^2: Rao & Scott adjustment"
"126","wash_index","group","3","returnee",0.221176470588235,NA,0.181709716082671,0.260643225093799,"state","NG002",1.0593349699902e-08,"Pearson's X^2: Rao & Scott adjustment"
"127","foodsec_index","group","2","idp",0.52073732718894,NA,0.454254975455706,0.587219678922175,"state","NG036",4.97875868191608e-08,"Pearson's X^2: Rao & Scott adjustment"
"216","foodsec_index","group","2","non_displaced",0.561258278145695,NA,0.538405087961088,0.584111468330302,"state","NG036",4.97875868191608e-08,"Pearson's X^2: Rao & Scott adjustment"
"316","foodsec_index","group","2","returnee",0.545180722891566,NA,0.491605903135778,0.598755542647354,"state","NG036",4.97875868191608e-08,"Pearson's X^2: Rao & Scott adjustment"
"416","foodsec_index","group","1","idp",0.235023041474654,NA,0.178595696748251,0.291450386201057,"state","NG036",4.97875868191608e-08,"Pearson's X^2: Rao & Scott adjustment"
"516","foodsec_index","group","1","non_displaced",0.33167770419426,NA,0.309995067118856,0.353360341269665,"state","NG036",4.97875868191608e-08,"Pearson's X^2: Rao & Scott adjustment"
"616","foodsec_index","group","1","returnee",0.319277108433735,NA,0.269119120143119,0.369435096724351,"state","NG036",4.97875868191608e-08,"Pearson's X^2: Rao & Scott adjustment"
"716","foodsec_index","group","3","idp",0.225806451612903,NA,0.170164396358813,0.281448506866994,"state","NG036",4.97875868191608e-08,"Pearson's X^2: Rao & Scott adjustment"
"816","foodsec_index","group","3","non_displaced",0.105408388520971,NA,0.0912663835973097,0.119550393444633,"state","NG036",4.97875868191608e-08,"Pearson's X^2: Rao & Scott adjustment"
"916","foodsec_index","group","3","returnee",0.126506024096386,NA,0.0907411581415352,0.162270890051236,"state","NG036",4.97875868191608e-08,"Pearson's X^2: Rao & Scott adjustment"
"1012","foodsec_index","group","4","idp",0.0184331797235023,NA,0.000532468782042782,0.0363338906649618,"state","NG036",4.97875868191608e-08,"Pearson's X^2: Rao & Scott adjustment"
"1111","foodsec_index","group","4","non_displaced",0.00165562913907285,NA,0,0.00352796046638769,"state","NG036",4.97875868191608e-08,"Pearson's X^2: Rao & Scott adjustment"
"128","foodsec_index","group","4","returnee",0.00903614457831325,NA,0,0.0192171702810026,"state","NG036",4.97875868191608e-08,"Pearson's X^2: Rao & Scott adjustment"
"129","foodsec_index","group","2","idp",0.583469721767594,NA,0.555825604372213,0.611113839162975,"state","NG008",1.11997728434103e-21,"Pearson's X^2: Rao & Scott adjustment"
"217","foodsec_index","group","2","non_displaced",0.522880720180045,NA,0.496064003472553,0.549697436887537,"state","NG008",1.11997728434103e-21,"Pearson's X^2: Rao & Scott adjustment"
"317","foodsec_index","group","2","returnee",0.491271820448878,NA,0.463018018804583,0.519525622093173,"state","NG008",1.11997728434103e-21,"Pearson's X^2: Rao & Scott adjustment"
"417","foodsec_index","group","3","idp",0.228314238952537,NA,0.204776918480188,0.251851559424886,"state","NG008",1.11997728434103e-21,"Pearson's X^2: Rao & Scott adjustment"
"517","foodsec_index","group","3","non_displaced",0.131282820705176,NA,0.113151311228934,0.149414330181419,"state","NG008",1.11997728434103e-21,"Pearson's X^2: Rao & Scott adjustment"
"617","foodsec_index","group","3","returnee",0.206151288445553,NA,0.183288196306802,0.229014380584304,"state","NG008",1.11997728434103e-21,"Pearson's X^2: Rao & Scott adjustment"
"717","foodsec_index","group","1","idp",0.172667757774141,NA,0.151473613910495,0.193861901637786,"state","NG008",1.11997728434103e-21,"Pearson's X^2: Rao & Scott adjustment"
"817","foodsec_index","group","1","non_displaced",0.333833458364591,NA,0.308514423568497,0.359152493160685,"state","NG008",1.11997728434103e-21,"Pearson's X^2: Rao & Scott adjustment"
"917","foodsec_index","group","1","returnee",0.28927680798005,NA,0.263650849408879,0.314902766551221,"state","NG008",1.11997728434103e-21,"Pearson's X^2: Rao & Scott adjustment"
"1013","foodsec_index","group","4","idp",0.0155482815057283,NA,0.00861069060361502,0.0224858724078416,"state","NG008",1.11997728434103e-21,"Pearson's X^2: Rao & Scott adjustment"
"1112","foodsec_index","group","4","non_displaced",0.0120030007501875,NA,0.00615626405483669,0.0178497374455384,"state","NG008",1.11997728434103e-21,"Pearson's X^2: Rao & Scott adjustment"
"1210","foodsec_index","group","4","returnee",0.0133000831255195,NA,0.00682578354731952,0.0197743827037195,"state","NG008",1.11997728434103e-21,"Pearson's X^2: Rao & Scott adjustment"
"130","foodsec_index","group","3","idp",0.293478260869565,NA,0.227673910340146,0.359282611398985,"state","NG002",8.46268238792561e-11,"Pearson's X^2: Rao & Scott adjustment"
"218","foodsec_index","group","3","non_displaced",0.128946367440091,NA,0.116133554177191,0.141759180702992,"state","NG002",8.46268238792561e-11,"Pearson's X^2: Rao & Scott adjustment"
"318","foodsec_index","group","3","returnee",0.134191176470588,NA,0.105543703413619,0.162838649527557,"state","NG002",8.46268238792561e-11,"Pearson's X^2: Rao & Scott adjustment"
"418","foodsec_index","group","1","idp",0.206521739130435,NA,0.148021953147402,0.265021525113468,"state","NG002",8.46268238792561e-11,"Pearson's X^2: Rao & Scott adjustment"
"518","foodsec_index","group","1","non_displaced",0.360973754279194,NA,0.342611979612514,0.379335528945874,"state","NG002",8.46268238792561e-11,"Pearson's X^2: Rao & Scott adjustment"
"618","foodsec_index","group","1","returnee",0.329044117647059,NA,0.289554094914765,0.368534140379353,"state","NG002",8.46268238792561e-11,"Pearson's X^2: Rao & Scott adjustment"
"718","foodsec_index","group","2","idp",0.451086956521739,NA,0.379177536810907,0.522996376232571,"state","NG002",8.46268238792561e-11,"Pearson's X^2: Rao & Scott adjustment"
"818","foodsec_index","group","2","non_displaced",0.494864967668315,NA,0.475750395045332,0.513979540291298,"state","NG002",8.46268238792561e-11,"Pearson's X^2: Rao & Scott adjustment"
"918","foodsec_index","group","2","returnee",0.512867647058823,NA,0.470858924565342,0.554876369552305,"state","NG002",8.46268238792561e-11,"Pearson's X^2: Rao & Scott adjustment"
"1014","foodsec_index","group","4","idp",0.0489130434782609,NA,0.0177437950728218,0.0800822918836999,"state","NG002",8.46268238792561e-11,"Pearson's X^2: Rao & Scott adjustment"
"1113","foodsec_index","group","4","non_displaced",0.0152149106124002,NA,0.0105351576564065,0.0198946635683939,"state","NG002",8.46268238792561e-11,"Pearson's X^2: Rao & Scott adjustment"
"1211","foodsec_index","group","4","returnee",0.0238970588235294,NA,0.0110609505214051,0.0367331671256537,"state","NG002",8.46268238792561e-11,"Pearson's X^2: Rao & Scott adjustment"
"131","health_index","group","2","idp",0.634259259259259,NA,0.570014937213402,0.698503581305116,"state","NG036",1.04316238819813e-06,"Pearson's X^2: Rao & Scott adjustment"
"219","health_index","group","2","non_displaced",0.530405405405405,NA,0.507189502299052,0.553621308511759,"state","NG036",1.04316238819813e-06,"Pearson's X^2: Rao & Scott adjustment"
"319","health_index","group","2","returnee",0.650602409638554,NA,0.59930560741336,0.701899211863748,"state","NG036",1.04316238819813e-06,"Pearson's X^2: Rao & Scott adjustment"
"419","health_index","group","3","idp",0.226851851851852,NA,0.170989759708082,0.282713943995622,"state","NG036",1.04316238819813e-06,"Pearson's X^2: Rao & Scott adjustment"
"519","health_index","group","3","non_displaced",0.317567567567568,NA,0.295912079924162,0.339223055210974,"state","NG036",1.04316238819813e-06,"Pearson's X^2: Rao & Scott adjustment"
"619","health_index","group","3","returnee",0.195783132530121,NA,0.153091109854546,0.238475155205695,"state","NG036",1.04316238819813e-06,"Pearson's X^2: Rao & Scott adjustment"
"719","health_index","group","1","idp",0.106481481481481,NA,0.0653377673555866,0.147625195607376,"state","NG036",1.04316238819813e-06,"Pearson's X^2: Rao & Scott adjustment"
"819","health_index","group","1","non_displaced",0.097972972972973,NA,0.0841442210487297,0.111801724897216,"state","NG036",1.04316238819813e-06,"Pearson's X^2: Rao & Scott adjustment"
"919","health_index","group","1","returnee",0.132530120481928,NA,0.0960499377944454,0.16901030316941,"state","NG036",1.04316238819813e-06,"Pearson's X^2: Rao & Scott adjustment"
"1015","health_index","group","4","idp",0.0324074074074074,NA,0.00878723385559893,0.0560275809592159,"state","NG036",1.04316238819813e-06,"Pearson's X^2: Rao & Scott adjustment"
"1114","health_index","group","4","non_displaced",0.0540540540540541,NA,0.0435352258250917,0.0645728822830164,"state","NG036",1.04316238819813e-06,"Pearson's X^2: Rao & Scott adjustment"
"1212","health_index","group","4","returnee",0.0210843373493976,NA,0.00562734033925446,0.0365413343595407,"state","NG036",1.04316238819813e-06,"Pearson's X^2: Rao & Scott adjustment"
"132","health_index","group","1","idp",0.306922435362802,NA,0.280812716417148,0.333032154308456,"state","NG008",4.13249527750646e-56,"Pearson's X^2: Rao & Scott adjustment"
"220","health_index","group","1","non_displaced",0.115064345193036,NA,0.0978543252536402,0.132274365132431,"state","NG008",4.13249527750646e-56,"Pearson's X^2: Rao & Scott adjustment"
"320","health_index","group","1","returnee",0.256903765690377,NA,0.23212781299983,0.281679718380923,"state","NG008",4.13249527750646e-56,"Pearson's X^2: Rao & Scott adjustment"
"420","health_index","group","3","idp",0.124270225187656,NA,0.105595012376807,0.142945437998506,"state","NG008",4.13249527750646e-56,"Pearson's X^2: Rao & Scott adjustment"
"520","health_index","group","3","non_displaced",0.314912944738834,NA,0.289862047880002,0.339963841597667,"state","NG008",4.13249527750646e-56,"Pearson's X^2: Rao & Scott adjustment"
"620","health_index","group","3","returnee",0.164016736401674,NA,0.143019338789136,0.185014134014211,"state","NG008",4.13249527750646e-56,"Pearson's X^2: Rao & Scott adjustment"
"720","health_index","group","2","idp",0.557130942452043,NA,0.529011075112154,0.585250809791932,"state","NG008",4.13249527750646e-56,"Pearson's X^2: Rao & Scott adjustment"
"820","health_index","group","2","non_displaced",0.518546555639667,NA,0.491598578670497,0.545494532608837,"state","NG008",4.13249527750646e-56,"Pearson's X^2: Rao & Scott adjustment"
"920","health_index","group","2","returnee",0.553138075313808,NA,0.524946064670073,0.581330085957542,"state","NG008",4.13249527750646e-56,"Pearson's X^2: Rao & Scott adjustment"
"1016","health_index","group","4","idp",0.0116763969974979,NA,0.00559503341973162,0.0177577605752642,"state","NG008",4.13249527750646e-56,"Pearson's X^2: Rao & Scott adjustment"
"1115","health_index","group","4","non_displaced",0.0514761544284633,NA,0.0395587324926422,0.0633935763642844,"state","NG008",4.13249527750646e-56,"Pearson's X^2: Rao & Scott adjustment"
"1213","health_index","group","4","returnee",0.0259414225941423,NA,0.0169275372513843,0.0349553079369003,"state","NG008",4.13249527750646e-56,"Pearson's X^2: Rao & Scott adjustment"
"133","health_index","group","3","idp",0.282608695652174,NA,0.21753954838867,0.347677842915678,"state","NG002",0.00209502013994542,"Pearson's X^2: Rao & Scott adjustment"
"221","health_index","group","3","non_displaced",0.383819018404908,NA,0.365151920342295,0.402486116467521,"state","NG002",0.00209502013994542,"Pearson's X^2: Rao & Scott adjustment"
"321","health_index","group","3","returnee",0.412523020257827,NA,0.371110389637064,0.45393565087859,"state","NG002",0.00209502013994542,"Pearson's X^2: Rao & Scott adjustment"
"421","health_index","group","1","idp",0.0652173913043478,NA,0.0295360374540122,0.100898745154683,"state","NG002",0.00209502013994542,"Pearson's X^2: Rao & Scott adjustment"
"521","health_index","group","1","non_displaced",0.0663343558282209,NA,0.0567816948248351,0.0758870168316066,"state","NG002",0.00209502013994542,"Pearson's X^2: Rao & Scott adjustment"
"621","health_index","group","1","returnee",0.0589318600368324,NA,0.0391212017350204,0.0787425183386445,"state","NG002",0.00209502013994542,"Pearson's X^2: Rao & Scott adjustment"
"721","health_index","group","2","idp",0.603260869565217,NA,0.532562500153191,0.673959238977244,"state","NG002",0.00209502013994542,"Pearson's X^2: Rao & Scott adjustment"
"821","health_index","group","2","non_displaced",0.451303680981595,NA,0.432202514926786,0.470404847036404,"state","NG002",0.00209502013994542,"Pearson's X^2: Rao & Scott adjustment"
"921","health_index","group","2","returnee",0.429097605893186,NA,0.387461291860429,0.470733919925943,"state","NG002",0.00209502013994542,"Pearson's X^2: Rao & Scott adjustment"
"1017","health_index","group","4","idp",0.0489130434782609,NA,0.0177437644389518,0.0800823225175699,"state","NG002",0.00209502013994542,"Pearson's X^2: Rao & Scott adjustment"
"1116","health_index","group","4","non_displaced",0.0985429447852761,NA,0.0871024526197492,0.109983436950803,"state","NG002",0.00209502013994542,"Pearson's X^2: Rao & Scott adjustment"
"1214","health_index","group","4","returnee",0.0994475138121547,NA,0.0742727863588898,0.12462224126542,"state","NG002",0.00209502013994542,"Pearson's X^2: Rao & Scott adjustment"
"134","vulnerability_index","group","0","idp",0.797235023041475,NA,0.743729344980493,0.850740701102456,"state","NG036",0.28072222147226,"Pearson's X^2: Rao & Scott adjustment"
"222","vulnerability_index","group","0","non_displaced",0.832229580573951,NA,0.815021189957017,0.849437971190886,"state","NG036",0.28072222147226,"Pearson's X^2: Rao & Scott adjustment"
"322","vulnerability_index","group","0","returnee",0.807228915662651,NA,0.764787453105448,0.849670378219853,"state","NG036",0.28072222147226,"Pearson's X^2: Rao & Scott adjustment"
"422","vulnerability_index","group","1","idp",0.202764976958525,NA,0.149259298897544,0.256270655019507,"state","NG036",0.28072222147226,"Pearson's X^2: Rao & Scott adjustment"
"522","vulnerability_index","group","1","non_displaced",0.167770419426049,NA,0.150562028809114,0.184978810042983,"state","NG036",0.28072222147226,"Pearson's X^2: Rao & Scott adjustment"
"622","vulnerability_index","group","1","returnee",0.192771084337349,NA,0.150329621780147,0.235212546894552,"state","NG036",0.28072222147226,"Pearson's X^2: Rao & Scott adjustment"
"135","vulnerability_index","group","0","idp",0.855973813420622,NA,0.836284922692392,0.875662704148852,"state","NG008",0.48018452925479,"Pearson's X^2: Rao & Scott adjustment"
"223","vulnerability_index","group","0","non_displaced",0.838709677419355,NA,0.818962692750941,0.858456662087769,"state","NG008",0.48018452925479,"Pearson's X^2: Rao & Scott adjustment"
"323","vulnerability_index","group","0","returnee",0.84621778886118,NA,0.825830137723882,0.866605439998479,"state","NG008",0.48018452925479,"Pearson's X^2: Rao & Scott adjustment"
"423","vulnerability_index","group","1","idp",0.144026186579378,NA,0.124337295851148,0.163715077307608,"state","NG008",0.48018452925479,"Pearson's X^2: Rao & Scott adjustment"
"523","vulnerability_index","group","1","non_displaced",0.161290322580645,NA,0.141543337912231,0.181037307249059,"state","NG008",0.48018452925479,"Pearson's X^2: Rao & Scott adjustment"
"623","vulnerability_index","group","1","returnee",0.15378221113882,NA,0.133394560001521,0.174169862276118,"state","NG008",0.48018452925479,"Pearson's X^2: Rao & Scott adjustment"
"136","vulnerability_index","group","0","idp",0.820652173913043,NA,0.765211117806293,0.876093230019794,"state","NG002",1.64994108137856e-07,"Pearson's X^2: Rao & Scott adjustment"
"224","vulnerability_index","group","0","non_displaced",0.847090148345379,NA,0.833330731071025,0.860849565619732,"state","NG002",1.64994108137856e-07,"Pearson's X^2: Rao & Scott adjustment"
"324","vulnerability_index","group","0","returnee",0.748161764705882,NA,0.711680328764161,0.784643200647604,"state","NG002",1.64994108137856e-07,"Pearson's X^2: Rao & Scott adjustment"
"424","vulnerability_index","group","1","idp",0.179347826086957,NA,0.123906769980206,0.234788882193707,"state","NG002",1.64994108137856e-07,"Pearson's X^2: Rao & Scott adjustment"
"524","vulnerability_index","group","1","non_displaced",0.152909851654622,NA,0.139150434380268,0.166669268928975,"state","NG002",1.64994108137856e-07,"Pearson's X^2: Rao & Scott adjustment"
"624","vulnerability_index","group","1","returnee",0.251838235294118,NA,0.215356799352396,0.288319671235839,"state","NG002",1.64994108137856e-07,"Pearson's X^2: Rao & Scott adjustment"
"137","impact_index","group","1","idp",0.175115207373272,NA,0.124536375374134,0.22569403937241,"state","NG036",1.77470438395675e-133,"Pearson's X^2: Rao & Scott adjustment"
"225","impact_index","group","1","non_displaced",0.807395143487859,NA,0.789234230836165,0.825556056139552,"state","NG036",1.77470438395675e-133,"Pearson's X^2: Rao & Scott adjustment"
"325","impact_index","group","1","returnee",0.855421686746988,NA,0.817585030772407,0.89325834272157,"state","NG036",1.77470438395675e-133,"Pearson's X^2: Rao & Scott adjustment"
"425","impact_index","group","2","idp",0.622119815668203,NA,0.5575953684328,0.686644262903606,"state","NG036",1.77470438395675e-133,"Pearson's X^2: Rao & Scott adjustment"
"525","impact_index","group","2","non_displaced",0.188741721854305,NA,0.170720903318893,0.206762540389717,"state","NG036",1.77470438395675e-133,"Pearson's X^2: Rao & Scott adjustment"
"625","impact_index","group","2","returnee",0.144578313253012,NA,0.106741657278431,0.182414969227594,"state","NG036",1.77470438395675e-133,"Pearson's X^2: Rao & Scott adjustment"
"722","impact_index","group","3","idp",0.188940092165899,NA,0.136844768027175,0.241035416304622,"state","NG036",1.77470438395675e-133,"Pearson's X^2: Rao & Scott adjustment"
"822","impact_index","group","3","non_displaced",0.00386313465783664,NA,0.00100626506801885,0.00672000424765444,"state","NG036",1.77470438395675e-133,"Pearson's X^2: Rao & Scott adjustment"
"922","impact_index","group","3","returnee",0,NA,0,0,"state","NG036",1.77470438395675e-133,"Pearson's X^2: Rao & Scott adjustment"
"1018","impact_index","group","4","idp",0.0138248847926267,NA,0,0.0293637033771612,"state","NG036",1.77470438395675e-133,"Pearson's X^2: Rao & Scott adjustment"
"1117","impact_index","group","4","non_displaced",0,NA,0,0,"state","NG036",1.77470438395675e-133,"Pearson's X^2: Rao & Scott adjustment"
"1215","impact_index","group","4","returnee",0,NA,0,0,"state","NG036",1.77470438395675e-133,"Pearson's X^2: Rao & Scott adjustment"
"138","impact_index","group","2","idp",0.738134206219313,NA,0.713480777366433,0.762787635072192,"state","NG008",0,"Pearson's X^2: Rao & Scott adjustment"
"226","impact_index","group","2","non_displaced",0.195798949737434,NA,0.174494108431875,0.217103791042994,"state","NG008",0,"Pearson's X^2: Rao & Scott adjustment"
"326","impact_index","group","2","returnee",0.245220282626766,NA,0.220906004925365,0.269534560328168,"state","NG008",0,"Pearson's X^2: Rao & Scott adjustment"
"426","impact_index","group","3","idp",0.206219312602291,NA,0.183531887427748,0.228906737776835,"state","NG008",0,"Pearson's X^2: Rao & Scott adjustment"
"526","impact_index","group","3","non_displaced",0.00375093773443361,NA,0.000468891483113236,0.00703298398575398,"state","NG008",0,"Pearson's X^2: Rao & Scott adjustment"
"626","impact_index","group","3","returnee",0,NA,0,0,"state","NG008",0,"Pearson's X^2: Rao & Scott adjustment"
"723","impact_index","group","1","idp",0.0556464811783961,NA,0.0427919443379169,0.0685010180188753,"state","NG008",0,"Pearson's X^2: Rao & Scott adjustment"
"823","impact_index","group","1","non_displaced",0.800450112528132,NA,0.778992387026127,0.821907838030137,"state","NG008",0,"Pearson's X^2: Rao & Scott adjustment"
"923","impact_index","group","1","returnee",0.754779717373234,NA,0.730465439671832,0.779093995074635,"state","NG008",0,"Pearson's X^2: Rao & Scott adjustment"
"139","impact_index","group","1","idp",0.342391304347826,NA,0.27381895785586,0.410963650839792,"state","NG002",1.99012331026641e-100,"Pearson's X^2: Rao & Scott adjustment"
"227","impact_index","group","1","non_displaced",0.740966146823887,NA,0.724216913264114,0.757715380383661,"state","NG002",1.99012331026641e-100,"Pearson's X^2: Rao & Scott adjustment"
"327","impact_index","group","1","returnee",0.904411764705882,NA,0.879700290246587,0.929123239165177,"state","NG002",1.99012331026641e-100,"Pearson's X^2: Rao & Scott adjustment"
"427","impact_index","group","2","idp",0.565217391304348,NA,0.49357868834776,0.636856094260935,"state","NG002",1.99012331026641e-100,"Pearson's X^2: Rao & Scott adjustment"
"527","impact_index","group","2","non_displaced",0.259033853176113,NA,0.242284619616339,0.275783086735887,"state","NG002",1.99012331026641e-100,"Pearson's X^2: Rao & Scott adjustment"
"627","impact_index","group","2","returnee",0.0955882352941176,NA,0.0708767608348226,0.120299709753413,"state","NG002",1.99012331026641e-100,"Pearson's X^2: Rao & Scott adjustment"
"724","impact_index","group","3","idp",0.0923913043478261,NA,0.0505438786125973,0.134238730083055,"state","NG002",1.99012331026641e-100,"Pearson's X^2: Rao & Scott adjustment"
"824","impact_index","group","3","non_displaced",0,NA,0,0,"state","NG002",1.99012331026641e-100,"Pearson's X^2: Rao & Scott adjustment"
"924","impact_index","group","3","returnee",0,NA,0,0,"state","NG002",1.99012331026641e-100,"Pearson's X^2: Rao & Scott adjustment"
